state,id,countyname,code
AL,1001,Autauga,H1
AL,1003,Baldwin,H1
AL,1005,Barbour,H1
AL,1007,Bibb,H1
AL,1009,Blount,H1
AL,1011,Bullock,H1
AL,1013,Butler,H1
AL,1015,Calhoun,H1
AL,1017,Chambers,H1
AL,1019,Cherokee,H1
AL,1021,Chilton,H1
AL,1023,Choctaw,H1
AL,1025,Clarke,H1
AL,1027,Clay,H1
AL,1029,Cleburne,H1
AL,1031,Coffee,H1
AL,1033,Colbert,H1
AL,1035,Conecuh,H1
AL,1037,Coosa,H1
AL,1039,Covington,H1
AL,1041,Crenshaw,H1
AL,1043,Cullman,H1
AL,1045,Dale,H1
AL,1047,Dallas,H1
AL,1049,DeKalb,H1
AL,1051,Elmore,H1
AL,1053,Escambia,H1
AL,1055,Etowah,H1
AL,1057,Fayette,H1
AL,1059,Franklin,H1
AL,1061,Geneva,H1
AL,1063,Greene,H1
AL,1065,Hale,H1
AL,1067,Henry,H1
AL,1069,Houston,H1
AL,1071,Jackson,H1
AL,1073,Jefferson,H1
AL,1075,Lamar,H1
AL,1077,Lauderdale,H1
AL,1079,Lawrence,H1
AL,1081,Lee,H1
AL,1083,Limestone,H1
AL,1085,Lowndes,H1
AL,1087,Macon,H1
AL,1089,Madison,H1
AL,1091,Marengo,H1
AL,1093,Marion,H1
AL,1095,Marshall,H1
AL,1097,Mobile,H1
AL,1099,Monroe,H1
AL,1101,Montgomery,H1
AL,1103,Morgan,H1
AL,1105,Perry,H1
AL,1107,Pickens,H1
AL,1109,Pike,H1
AL,1111,Randolph,H1
AL,1113,Russell,H1
AL,1115,St. Clair,H1
AL,1117,Shelby,H1
AL,1119,Sumter,H1
AL,1121,Talladega,H1
AL,1123,Tallapoosa,H1
AL,1125,Tuscaloosa,H1
AL,1127,Walker,H1
AL,1129,Washington,H1
AL,1131,Wilcox,H1
AL,1133,Winston,H1
AK,2013,Aleutians East Borough,H1
AK,2016,Aleutians West Census Area,H5
AK,2020,Anchorage Municipality,H6
AK,2050,Bethel Census Area,H5
AK,2060,Bristol Bay Borough,H1
AK,2068,Denali Borough,H1
AK,2070,Dillingham Census Area,H5
AK,2090,Fairbanks North Star Borough,H1
AK,2100,Haines Borough,H1
AK,2105,Hoonah-Angoon Census Area,H5
AK,2110,Juneau City and Borough,H6
AK,2122,Kenai Peninsula Borough,H1
AK,2130,Ketchikan Gateway Borough,H1
AK,2150,Kodiak Island Borough,H1
AK,2164,Lake and Peninsula Borough,H1
AK,2170,Matanuska-Susitna Borough,H1
AK,2180,Nome Census Area,H5
AK,2185,North Slope Borough,H1
AK,2188,Northwest Arctic Borough,H1
AK,2195,Petersburg Census Area,H5
AK,2198,Prince of Wales-Hyder Census Area,H5
AK,2220,Sitka City and Borough,H6
AK,2230,Skagway Municipality,H1
AK,2240,Southeast Fairbanks Census Area,H5
AK,2261,Valdez-Cordova Census Area,H5
AK,2270,Wade Hampton Census Area,H5
AK,2275,Wrangell City and Borough,H1
AK,2282,Yakutat City and Borough,H1
AK,2290,Yukon-Koyukuk Census Area,H5
AZ,4001,Apache,H1
AZ,4003,Cochise,H1
AZ,4005,Coconino,H1
AZ,4007,Gila,H1
AZ,4009,Graham,H1
AZ,4011,Greenlee,H1
AZ,4012,La Paz,H1
AZ,4013,Maricopa,H1
AZ,4015,Mohave,H1
AZ,4017,Navajo,H1
AZ,4019,Pima,H1
AZ,4021,Pinal,H1
AZ,4023,Santa Cruz,H1
AZ,4025,Yavapai,H1
AZ,4027,Yuma,H1
AR,5001,Arkansas,H1
AR,5003,Ashley,H1
AR,5005,Baxter,H1
AR,5007,Benton,H1
AR,5009,Boone,H1
AR,5011,Bradley,H1
AR,5013,Calhoun,H1
AR,5015,Carroll,H1
AR,5017,Chicot,H1
AR,5019,Clark,H1
AR,5021,Clay,H1
AR,5023,Cleburne,H1
AR,5025,Cleveland,H1
AR,5027,Columbia,H1
AR,5029,Conway,H1
AR,5031,Craighead,H1
AR,5033,Crawford,H1
AR,5035,Crittenden,H1
AR,5037,Cross,H1
AR,5039,Dallas,H1
AR,5041,Desha,H1
AR,5043,Drew,H1
AR,5045,Faulkner,H1
AR,5047,Franklin,H1
AR,5049,Fulton,H1
AR,5051,Garland,H1
AR,5053,Grant,H1
AR,5055,Greene,H1
AR,5057,Hempstead,H1
AR,5059,Hot Spring,H1
AR,5061,Howard,H1
AR,5063,Independence,H1
AR,5065,Izard,H1
AR,5067,Jackson,H1
AR,5069,Jefferson,H1
AR,5071,Johnson,H1
AR,5073,Lafayette,H1
AR,5075,Lawrence,H1
AR,5077,Lee,H1
AR,5079,Lincoln,H1
AR,5081,Little River,H1
AR,5083,Logan,H1
AR,5085,Lonoke,H1
AR,5087,Madison,H1
AR,5089,Marion,H1
AR,5091,Miller,H1
AR,5093,Mississippi,H1
AR,5095,Monroe,H1
AR,5097,Montgomery,H1
AR,5099,Nevada,H1
AR,5101,Newton,H1
AR,5103,Ouachita,H1
AR,5105,Perry,H1
AR,5107,Phillips,H1
AR,5109,Pike,H1
AR,5111,Poinsett,H1
AR,5113,Polk,H1
AR,5115,Pope,H1
AR,5117,Prairie,H1
AR,5119,Pulaski,H1
AR,5121,Randolph,H1
AR,5123,St. Francis,H1
AR,5125,Saline,H1
AR,5127,Scott,H1
AR,5129,Searcy,H1
AR,5131,Sebastian,H1
AR,5133,Sevier,H1
AR,5135,Sharp,H1
AR,5137,Stone,H1
AR,5139,Union,H1
AR,5141,Van Buren,H1
AR,5143,Washington,H1
AR,5145,White,H1
AR,5147,Woodruff,H1
AR,5149,Yell,H1
CA,6001,Alameda,H1
CA,6003,Alpine,H1
CA,6005,Amador,H1
CA,6007,Butte,H1
CA,6009,Calaveras,H1
CA,6011,Colusa,H1
CA,6013,Contra Costa,H1
CA,6015,Del Norte,H1
CA,6017,El Dorado,H1
CA,6019,Fresno,H1
CA,6021,Glenn,H1
CA,6023,Humboldt,H1
CA,6025,Imperial,H1
CA,6027,Inyo,H1
CA,6029,Kern,H1
CA,6031,Kings,H1
CA,6033,Lake,H1
CA,6035,Lassen,H1
CA,6037,Los Angeles,H1
CA,6039,Madera,H1
CA,6041,Marin,H1
CA,6043,Mariposa,H1
CA,6045,Mendocino,H1
CA,6047,Merced,H1
CA,6049,Modoc,H1
CA,6051,Mono,H1
CA,6053,Monterey,H1
CA,6055,Napa,H1
CA,6057,Nevada,H1
CA,6059,Orange,H1
CA,6061,Placer,H1
CA,6063,Plumas,H1
CA,6065,Riverside,H1
CA,6067,Sacramento,H1
CA,6069,San Benito,H1
CA,6071,San Bernardino,H1
CA,6073,San Diego,H1
CA,6075,San Francisco,H6
CA,6077,San Joaquin,H1
CA,6079,San Luis Obispo,H1
CA,6081,San Mateo,H1
CA,6083,Santa Barbara,H1
CA,6085,Santa Clara,H1
CA,6087,Santa Cruz,H1
CA,6089,Shasta,H1
CA,6091,Sierra,H1
CA,6093,Siskiyou,H1
CA,6095,Solano,H1
CA,6097,Sonoma,H1
CA,6099,Stanislaus,H1
CA,6101,Sutter,H1
CA,6103,Tehama,H1
CA,6105,Trinity,H1
CA,6107,Tulare,H1
CA,6109,Tuolumne,H1
CA,6111,Ventura,H1
CA,6113,Yolo,H1
CA,6115,Yuba,H1
CO,8001,Adams,H1
CO,8003,Alamosa,H1
CO,8005,Arapahoe,H1
CO,8007,Archuleta,H1
CO,8009,Baca,H1
CO,8011,Bent,H1
CO,8013,Boulder,H1
CO,8014,Broomfield,H6
CO,8015,Chaffee,H1
CO,8017,Cheyenne,H1
CO,8019,Clear Creek,H1
CO,8021,Conejos,H1
CO,8023,Costilla,H1
CO,8025,Crowley,H1
CO,8027,Custer,H1
CO,8029,Delta,H1
CO,8031,Denver,H6
CO,8033,Dolores,H1
CO,8035,Douglas,H1
CO,8037,Eagle,H1
CO,8039,Elbert,H1
CO,8041,El Paso,H1
CO,8043,Fremont,H1
CO,8045,Garfield,H1
CO,8047,Gilpin,H1
CO,8049,Grand,H1
CO,8051,Gunnison,H1
CO,8053,Hinsdale,H1
CO,8055,Huerfano,H1
CO,8057,Jackson,H1
CO,8059,Jefferson,H1
CO,8061,Kiowa,H1
CO,8063,Kit Carson,H1
CO,8065,Lake,H1
CO,8067,La Plata,H1
CO,8069,Larimer,H1
CO,8071,Las Animas,H1
CO,8073,Lincoln,H1
CO,8075,Logan,H1
CO,8077,Mesa,H1
CO,8079,Mineral,H1
CO,8081,Moffat,H1
CO,8083,Montezuma,H1
CO,8085,Montrose,H1
CO,8087,Morgan,H1
CO,8089,Otero,H1
CO,8091,Ouray,H1
CO,8093,Park,H1
CO,8095,Phillips,H1
CO,8097,Pitkin,H1
CO,8099,Prowers,H1
CO,8101,Pueblo,H1
CO,8103,Rio Blanco,H1
CO,8105,Rio Grande,H1
CO,8107,Routt,H1
CO,8109,Saguache,H1
CO,8111,San Juan,H1
CO,8113,San Miguel,H1
CO,8115,Sedgwick,H1
CO,8117,Summit,H1
CO,8119,Teller,H1
CO,8121,Washington,H1
CO,8123,Weld,H1
CO,8125,Yuma,H1
CT,9001,Fairfield,H4
CT,9003,Hartford,H4
CT,9005,Litchfield,H4
CT,9007,Middlesex,H4
CT,9009,New Haven,H4
CT,9011,New London,H4
CT,9013,Tolland,H4
CT,9015,Windham,H4
DE,10001,Kent,H1
DE,10003,New Castle,H1
DE,10005,Sussex,H1
DC,11001,District of Columbia,H6
FL,12001,Alachua,H1
FL,12003,Baker,H1
FL,12005,Bay,H1
FL,12007,Bradford,H1
FL,12009,Brevard,H1
FL,12011,Broward,H1
FL,12013,Calhoun,H1
FL,12015,Charlotte,H1
FL,12017,Citrus,H1
FL,12019,Clay,H1
FL,12021,Collier,H1
FL,12023,Columbia,H1
FL,12027,DeSoto,H1
FL,12029,Dixie,H1
FL,12031,Duval,H6
FL,12033,Escambia,H1
FL,12035,Flagler,H1
FL,12037,Franklin,H1
FL,12039,Gadsden,H1
FL,12041,Gilchrist,H1
FL,12043,Glades,H1
FL,12045,Gulf,H1
FL,12047,Hamilton,H1
FL,12049,Hardee,H1
FL,12051,Hendry,H1
FL,12053,Hernando,H1
FL,12055,Highlands,H1
FL,12057,Hillsborough,H1
FL,12059,Holmes,H1
FL,12061,Indian River,H1
FL,12063,Jackson,H1
FL,12065,Jefferson,H1
FL,12067,Lafayette,H1
FL,12069,Lake,H1
FL,12071,Lee,H1
FL,12073,Leon,H1
FL,12075,Levy,H1
FL,12077,Liberty,H1
FL,12079,Madison,H1
FL,12081,Manatee,H1
FL,12083,Marion,H1
FL,12085,Martin,H1
FL,12086,Miami-Dade,H1
FL,12087,Monroe,H1
FL,12089,Nassau,H1
FL,12091,Okaloosa,H1
FL,12093,Okeechobee,H1
FL,12095,Orange,H1
FL,12097,Osceola,H1
FL,12099,Palm Beach,H1
FL,12101,Pasco,H1
FL,12103,Pinellas,H1
FL,12105,Polk,H1
FL,12107,Putnam,H1
FL,12109,St. Johns,H1
FL,12111,St. Lucie,H1
FL,12113,Santa Rosa,H1
FL,12115,Sarasota,H1
FL,12117,Seminole,H1
FL,12119,Sumter,H1
FL,12121,Suwannee,H1
FL,12123,Taylor,H1
FL,12125,Union,H1
FL,12127,Volusia,H1
FL,12129,Wakulla,H1
FL,12131,Walton,H1
FL,12133,Washington,H1
GA,13001,Appling,H1
GA,13003,Atkinson,H1
GA,13005,Bacon,H1
GA,13007,Baker,H1
GA,13009,Baldwin,H1
GA,13011,Banks,H1
GA,13013,Barrow,H1
GA,13015,Bartow,H1
GA,13017,Ben Hill,H1
GA,13019,Berrien,H1
GA,13021,Bibb,H1
GA,13023,Bleckley,H1
GA,13025,Brantley,H1
GA,13027,Brooks,H1
GA,13029,Bryan,H1
GA,13031,Bulloch,H1
GA,13033,Burke,H1
GA,13035,Butts,H1
GA,13037,Calhoun,H1
GA,13039,Camden,H1
GA,13043,Candler,H1
GA,13045,Carroll,H1
GA,13047,Catoosa,H1
GA,13049,Charlton,H1
GA,13051,Chatham,H1
GA,13053,Chattahoochee,H1
GA,13055,Chattooga,H1
GA,13057,Cherokee,H1
GA,13059,Clarke,H6
GA,13061,Clay,H1
GA,13063,Clayton,H1
GA,13065,Clinch,H1
GA,13067,Cobb,H1
GA,13069,Coffee,H1
GA,13071,Colquitt,H1
GA,13073,Columbia,H1
GA,13075,Cook,H1
GA,13077,Coweta,H1
GA,13079,Crawford,H1
GA,13081,Crisp,H1
GA,13083,Dade,H1
GA,13085,Dawson,H1
GA,13087,Decatur,H1
GA,13089,DeKalb,H1
GA,13091,Dodge,H1
GA,13093,Dooly,H1
GA,13095,Dougherty,H1
GA,13097,Douglas,H1
GA,13099,Early,H1
GA,13101,Echols,H1
GA,13103,Effingham,H1
GA,13105,Elbert,H1
GA,13107,Emanuel,H1
GA,13109,Evans,H1
GA,13111,Fannin,H1
GA,13113,Fayette,H1
GA,13115,Floyd,H1
GA,13117,Forsyth,H1
GA,13119,Franklin,H1
GA,13121,Fulton,H1
GA,13123,Gilmer,H1
GA,13125,Glascock,H1
GA,13127,Glynn,H1
GA,13129,Gordon,H1
GA,13131,Grady,H1
GA,13133,Greene,H1
GA,13135,Gwinnett,H1
GA,13137,Habersham,H1
GA,13139,Hall,H1
GA,13141,Hancock,H1
GA,13143,Haralson,H1
GA,13145,Harris,H1
GA,13147,Hart,H1
GA,13149,Heard,H1
GA,13151,Henry,H1
GA,13153,Houston,H1
GA,13155,Irwin,H1
GA,13157,Jackson,H1
GA,13159,Jasper,H1
GA,13161,Jeff Davis,H1
GA,13163,Jefferson,H1
GA,13165,Jenkins,H1
GA,13167,Johnson,H1
GA,13169,Jones,H1
GA,13171,Lamar,H1
GA,13173,Lanier,H1
GA,13175,Laurens,H1
GA,13177,Lee,H1
GA,13179,Liberty,H1
GA,13181,Lincoln,H1
GA,13183,Long,H1
GA,13185,Lowndes,H1
GA,13187,Lumpkin,H1
GA,13189,McDuffie,H1
GA,13191,McIntosh,H1
GA,13193,Macon,H1
GA,13195,Madison,H1
GA,13197,Marion,H1
GA,13199,Meriwether,H1
GA,13201,Miller,H1
GA,13205,Mitchell,H1
GA,13207,Monroe,H1
GA,13209,Montgomery,H1
GA,13211,Morgan,H1
GA,13213,Murray,H1
GA,13215,Muscogee,H6
GA,13217,Newton,H1
GA,13219,Oconee,H1
GA,13221,Oglethorpe,H1
GA,13223,Paulding,H1
GA,13225,Peach,H1
GA,13227,Pickens,H1
GA,13229,Pierce,H1
GA,13231,Pike,H1
GA,13233,Polk,H1
GA,13235,Pulaski,H1
GA,13237,Putnam,H1
GA,13239,Quitman,H1
GA,13241,Rabun,H1
GA,13243,Randolph,H1
GA,13245,Richmond,H6
GA,13247,Rockdale,H1
GA,13249,Schley,H1
GA,13251,Screven,H1
GA,13253,Seminole,H1
GA,13255,Spalding,H1
GA,13257,Stephens,H1
GA,13259,Stewart,H1
GA,13261,Sumter,H1
GA,13263,Talbot,H1
GA,13265,Taliaferro,H1
GA,13267,Tattnall,H1
GA,13269,Taylor,H1
GA,13271,Telfair,H1
GA,13273,Terrell,H1
GA,13275,Thomas,H1
GA,13277,Tift,H1
GA,13279,Toombs,H1
GA,13281,Towns,H1
GA,13283,Treutlen,H1
GA,13285,Troup,H1
GA,13287,Turner,H1
GA,13289,Twiggs,H1
GA,13291,Union,H1
GA,13293,Upson,H1
GA,13295,Walker,H1
GA,13297,Walton,H1
GA,13299,Ware,H1
GA,13301,Warren,H1
GA,13303,Washington,H1
GA,13305,Wayne,H1
GA,13307,Webster,H1
GA,13309,Wheeler,H1
GA,13311,White,H1
GA,13313,Whitfield,H1
GA,13315,Wilcox,H1
GA,13317,Wilkes,H1
GA,13319,Wilkinson,H1
GA,13321,Worth,H1
HI,15001,Hawaii,H1
HI,15003,Honolulu,H1
HI,15005,Kalawao,H4
HI,15007,Kauai,H1
HI,15009,Maui,H1
ID,16001,Ada,H1
ID,16003,Adams,H1
ID,16005,Bannock,H1
ID,16007,Bear Lake,H1
ID,16009,Benewah,H1
ID,16011,Bingham,H1
ID,16013,Blaine,H1
ID,16015,Boise,H1
ID,16017,Bonner,H1
ID,16019,Bonneville,H1
ID,16021,Boundary,H1
ID,16023,Butte,H1
ID,16025,Camas,H1
ID,16027,Canyon,H1
ID,16029,Caribou,H1
ID,16031,Cassia,H1
ID,16033,Clark,H1
ID,16035,Clearwater,H1
ID,16037,Custer,H1
ID,16039,Elmore,H1
ID,16041,Franklin,H1
ID,16043,Fremont,H1
ID,16045,Gem,H1
ID,16047,Gooding,H1
ID,16049,Idaho,H1
ID,16051,Jefferson,H1
ID,16053,Jerome,H1
ID,16055,Kootenai,H1
ID,16057,Latah,H1
ID,16059,Lemhi,H1
ID,16061,Lewis,H1
ID,16063,Lincoln,H1
ID,16065,Madison,H1
ID,16067,Minidoka,H1
ID,16069,Nez Perce,H1
ID,16071,Oneida,H1
ID,16073,Owyhee,H1
ID,16075,Payette,H1
ID,16077,Power,H1
ID,16079,Shoshone,H1
ID,16081,Teton,H1
ID,16083,Twin Falls,H1
ID,16085,Valley,H1
ID,16087,Washington,H1
IL,17001,Adams,H1
IL,17003,Alexander,H1
IL,17005,Bond,H1
IL,17007,Boone,H1
IL,17009,Brown,H1
IL,17011,Bureau,H1
IL,17013,Calhoun,H1
IL,17015,Carroll,H1
IL,17017,Cass,H1
IL,17019,Champaign,H1
IL,17021,Christian,H1
IL,17023,Clark,H1
IL,17025,Clay,H1
IL,17027,Clinton,H1
IL,17029,Coles,H1
IL,17031,Cook,H1
IL,17033,Crawford,H1
IL,17035,Cumberland,H1
IL,17037,DeKalb,H1
IL,17039,De Witt,H1
IL,17041,Douglas,H1
IL,17043,DuPage,H1
IL,17045,Edgar,H1
IL,17047,Edwards,H1
IL,17049,Effingham,H1
IL,17051,Fayette,H1
IL,17053,Ford,H1
IL,17055,Franklin,H1
IL,17057,Fulton,H1
IL,17059,Gallatin,H1
IL,17061,Greene,H1
IL,17063,Grundy,H1
IL,17065,Hamilton,H1
IL,17067,Hancock,H1
IL,17069,Hardin,H1
IL,17071,Henderson,H1
IL,17073,Henry,H1
IL,17075,Iroquois,H1
IL,17077,Jackson,H1
IL,17079,Jasper,H1
IL,17081,Jefferson,H1
IL,17083,Jersey,H1
IL,17085,Jo Daviess,H1
IL,17087,Johnson,H1
IL,17089,Kane,H1
IL,17091,Kankakee,H1
IL,17093,Kendall,H1
IL,17095,Knox,H1
IL,17097,Lake,H1
IL,17099,LaSalle,H1
IL,17101,Lawrence,H1
IL,17103,Lee,H1
IL,17105,Livingston,H1
IL,17107,Logan,H1
IL,17109,McDonough,H1
IL,17111,McHenry,H1
IL,17113,McLean,H1
IL,17115,Macon,H1
IL,17117,Macoupin,H1
IL,17119,Madison,H1
IL,17121,Marion,H1
IL,17123,Marshall,H1
IL,17125,Mason,H1
IL,17127,Massac,H1
IL,17129,Menard,H1
IL,17131,Mercer,H1
IL,17133,Monroe,H1
IL,17135,Montgomery,H1
IL,17137,Morgan,H1
IL,17139,Moultrie,H1
IL,17141,Ogle,H1
IL,17143,Peoria,H1
IL,17145,Perry,H1
IL,17147,Piatt,H1
IL,17149,Pike,H1
IL,17151,Pope,H1
IL,17153,Pulaski,H1
IL,17155,Putnam,H1
IL,17157,Randolph,H1
IL,17159,Richland,H1
IL,17161,Rock Island,H1
IL,17163,St. Clair,H1
IL,17165,Saline,H1
IL,17167,Sangamon,H1
IL,17169,Schuyler,H1
IL,17171,Scott,H1
IL,17173,Shelby,H1
IL,17175,Stark,H1
IL,17177,Stephenson,H1
IL,17179,Tazewell,H1
IL,17181,Union,H1
IL,17183,Vermilion,H1
IL,17185,Wabash,H1
IL,17187,Warren,H1
IL,17189,Washington,H1
IL,17191,Wayne,H1
IL,17193,White,H1
IL,17195,Whiteside,H1
IL,17197,Will,H1
IL,17199,Williamson,H1
IL,17201,Winnebago,H1
IL,17203,Woodford,H1
IN,18001,Adams,H1
IN,18003,Allen,H1
IN,18005,Bartholomew,H1
IN,18007,Benton,H1
IN,18009,Blackford,H1
IN,18011,Boone,H1
IN,18013,Brown,H1
IN,18015,Carroll,H1
IN,18017,Cass,H1
IN,18019,Clark,H1
IN,18021,Clay,H1
IN,18023,Clinton,H1
IN,18025,Crawford,H1
IN,18027,Daviess,H1
IN,18029,Dearborn,H1
IN,18031,Decatur,H1
IN,18033,DeKalb,H1
IN,18035,Delaware,H1
IN,18037,Dubois,H1
IN,18039,Elkhart,H1
IN,18041,Fayette,H1
IN,18043,Floyd,H1
IN,18045,Fountain,H1
IN,18047,Franklin,H1
IN,18049,Fulton,H1
IN,18051,Gibson,H1
IN,18053,Grant,H1
IN,18055,Greene,H1
IN,18057,Hamilton,H1
IN,18059,Hancock,H1
IN,18061,Harrison,H1
IN,18063,Hendricks,H1
IN,18065,Henry,H1
IN,18067,Howard,H1
IN,18069,Huntington,H1
IN,18071,Jackson,H1
IN,18073,Jasper,H1
IN,18075,Jay,H1
IN,18077,Jefferson,H1
IN,18079,Jennings,H1
IN,18081,Johnson,H1
IN,18083,Knox,H1
IN,18085,Kosciusko,H1
IN,18087,LaGrange,H1
IN,18089,Lake,H1
IN,18091,LaPorte,H1
IN,18093,Lawrence,H1
IN,18095,Madison,H1
IN,18097,Marion,H6
IN,18099,Marshall,H1
IN,18101,Martin,H1
IN,18103,Miami,H1
IN,18105,Monroe,H1
IN,18107,Montgomery,H1
IN,18109,Morgan,H1
IN,18111,Newton,H1
IN,18113,Noble,H1
IN,18115,Ohio,H1
IN,18117,Orange,H1
IN,18119,Owen,H1
IN,18121,Parke,H1
IN,18123,Perry,H1
IN,18125,Pike,H1
IN,18127,Porter,H1
IN,18129,Posey,H1
IN,18131,Pulaski,H1
IN,18133,Putnam,H1
IN,18135,Randolph,H1
IN,18137,Ripley,H1
IN,18139,Rush,H1
IN,18141,St. Joseph,H1
IN,18143,Scott,H1
IN,18145,Shelby,H1
IN,18147,Spencer,H1
IN,18149,Starke,H1
IN,18151,Steuben,H1
IN,18153,Sullivan,H1
IN,18155,Switzerland,H1
IN,18157,Tippecanoe,H1
IN,18159,Tipton,H1
IN,18161,Union,H1
IN,18163,Vanderburgh,H1
IN,18165,Vermillion,H1
IN,18167,Vigo,H1
IN,18169,Wabash,H1
IN,18171,Warren,H1
IN,18173,Warrick,H1
IN,18175,Washington,H1
IN,18177,Wayne,H1
IN,18179,Wells,H1
IN,18181,White,H1
IN,18183,Whitley,H1
IA,19001,Adair,H1
IA,19003,Adams,H1
IA,19005,Allamakee,H1
IA,19007,Appanoose,H1
IA,19009,Audubon,H1
IA,19011,Benton,H1
IA,19013,Black Hawk,H1
IA,19015,Boone,H1
IA,19017,Bremer,H1
IA,19019,Buchanan,H1
IA,19021,Buena Vista,H1
IA,19023,Butler,H1
IA,19025,Calhoun,H1
IA,19027,Carroll,H1
IA,19029,Cass,H1
IA,19031,Cedar,H1
IA,19033,Cerro Gordo,H1
IA,19035,Cherokee,H1
IA,19037,Chickasaw,H1
IA,19039,Clarke,H1
IA,19041,Clay,H1
IA,19043,Clayton,H1
IA,19045,Clinton,H1
IA,19047,Crawford,H1
IA,19049,Dallas,H1
IA,19051,Davis,H1
IA,19053,Decatur,H1
IA,19055,Delaware,H1
IA,19057,Des Moines,H1
IA,19059,Dickinson,H1
IA,19061,Dubuque,H1
IA,19063,Emmet,H1
IA,19065,Fayette,H1
IA,19067,Floyd,H1
IA,19069,Franklin,H1
IA,19071,Fremont,H1
IA,19073,Greene,H1
IA,19075,Grundy,H1
IA,19077,Guthrie,H1
IA,19079,Hamilton,H1
IA,19081,Hancock,H1
IA,19083,Hardin,H1
IA,19085,Harrison,H1
IA,19087,Henry,H1
IA,19089,Howard,H1
IA,19091,Humboldt,H1
IA,19093,Ida,H1
IA,19095,Iowa,H1
IA,19097,Jackson,H1
IA,19099,Jasper,H1
IA,19101,Jefferson,H1
IA,19103,Johnson,H1
IA,19105,Jones,H1
IA,19107,Keokuk,H1
IA,19109,Kossuth,H1
IA,19111,Lee,H1
IA,19113,Linn,H1
IA,19115,Louisa,H1
IA,19117,Lucas,H1
IA,19119,Lyon,H1
IA,19121,Madison,H1
IA,19123,Mahaska,H1
IA,19125,Marion,H1
IA,19127,Marshall,H1
IA,19129,Mills,H1
IA,19131,Mitchell,H1
IA,19133,Monona,H1
IA,19135,Monroe,H1
IA,19137,Montgomery,H1
IA,19139,Muscatine,H1
IA,19141,O'Brien,H1
IA,19143,Osceola,H1
IA,19145,Page,H1
IA,19147,Palo Alto,H1
IA,19149,Plymouth,H1
IA,19151,Pocahontas,H1
IA,19153,Polk,H1
IA,19155,Pottawattamie,H1
IA,19157,Poweshiek,H1
IA,19159,Ringgold,H1
IA,19161,Sac,H1
IA,19163,Scott,H1
IA,19165,Shelby,H1
IA,19167,Sioux,H1
IA,19169,Story,H1
IA,19171,Tama,H1
IA,19173,Taylor,H1
IA,19175,Union,H1
IA,19177,Van Buren,H1
IA,19179,Wapello,H1
IA,19181,Warren,H1
IA,19183,Washington,H1
IA,19185,Wayne,H1
IA,19187,Webster,H1
IA,19189,Winnebago,H1
IA,19191,Winneshiek,H1
IA,19193,Woodbury,H1
IA,19195,Worth,H1
IA,19197,Wright,H1
KS,20001,Allen,H1
KS,20003,Anderson,H1
KS,20005,Atchison,H1
KS,20007,Barber,H1
KS,20009,Barton,H1
KS,20011,Bourbon,H1
KS,20013,Brown,H1
KS,20015,Butler,H1
KS,20017,Chase,H1
KS,20019,Chautauqua,H1
KS,20021,Cherokee,H1
KS,20023,Cheyenne,H1
KS,20025,Clark,H1
KS,20027,Clay,H1
KS,20029,Cloud,H1
KS,20031,Coffey,H1
KS,20033,Comanche,H1
KS,20035,Cowley,H1
KS,20037,Crawford,H1
KS,20039,Decatur,H1
KS,20041,Dickinson,H1
KS,20043,Doniphan,H1
KS,20045,Douglas,H1
KS,20047,Edwards,H1
KS,20049,Elk,H1
KS,20051,Ellis,H1
KS,20053,Ellsworth,H1
KS,20055,Finney,H1
KS,20057,Ford,H1
KS,20059,Franklin,H1
KS,20061,Geary,H1
KS,20063,Gove,H1
KS,20065,Graham,H1
KS,20067,Grant,H1
KS,20069,Gray,H1
KS,20071,Greeley,H1
KS,20073,Greenwood,H1
KS,20075,Hamilton,H1
KS,20077,Harper,H1
KS,20079,Harvey,H1
KS,20081,Haskell,H1
KS,20083,Hodgeman,H1
KS,20085,Jackson,H1
KS,20087,Jefferson,H1
KS,20089,Jewell,H1
KS,20091,Johnson,H1
KS,20093,Kearny,H1
KS,20095,Kingman,H1
KS,20097,Kiowa,H1
KS,20099,Labette,H1
KS,20101,Lane,H1
KS,20103,Leavenworth,H1
KS,20105,Lincoln,H1
KS,20107,Linn,H1
KS,20109,Logan,H1
KS,20111,Lyon,H1
KS,20113,McPherson,H1
KS,20115,Marion,H1
KS,20117,Marshall,H1
KS,20119,Meade,H1
KS,20121,Miami,H1
KS,20123,Mitchell,H1
KS,20125,Montgomery,H1
KS,20127,Morris,H1
KS,20129,Morton,H1
KS,20131,Nemaha,H1
KS,20133,Neosho,H1
KS,20135,Ness,H1
KS,20137,Norton,H1
KS,20139,Osage,H1
KS,20141,Osborne,H1
KS,20143,Ottawa,H1
KS,20145,Pawnee,H1
KS,20147,Phillips,H1
KS,20149,Pottawatomie,H1
KS,20151,Pratt,H1
KS,20153,Rawlins,H1
KS,20155,Reno,H1
KS,20157,Republic,H1
KS,20159,Rice,H1
KS,20161,Riley,H1
KS,20163,Rooks,H1
KS,20165,Rush,H1
KS,20167,Russell,H1
KS,20169,Saline,H1
KS,20171,Scott,H1
KS,20173,Sedgwick,H1
KS,20175,Seward,H1
KS,20177,Shawnee,H1
KS,20179,Sheridan,H1
KS,20181,Sherman,H1
KS,20183,Smith,H1
KS,20185,Stafford,H1
KS,20187,Stanton,H1
KS,20189,Stevens,H1
KS,20191,Sumner,H1
KS,20193,Thomas,H1
KS,20195,Trego,H1
KS,20197,Wabaunsee,H1
KS,20199,Wallace,H1
KS,20201,Washington,H1
KS,20203,Wichita,H1
KS,20205,Wilson,H1
KS,20207,Woodson,H1
KS,20209,Wyandotte,H6
KY,21001,Adair,H1
KY,21003,Allen,H1
KY,21005,Anderson,H1
KY,21007,Ballard,H1
KY,21009,Barren,H1
KY,21011,Bath,H1
KY,21013,Bell,H1
KY,21015,Boone,H1
KY,21017,Bourbon,H1
KY,21019,Boyd,H1
KY,21021,Boyle,H1
KY,21023,Bracken,H1
KY,21025,Breathitt,H1
KY,21027,Breckinridge,H1
KY,21029,Bullitt,H1
KY,21031,Butler,H1
KY,21033,Caldwell,H1
KY,21035,Calloway,H1
KY,21037,Campbell,H1
KY,21039,Carlisle,H1
KY,21041,Carroll,H1
KY,21043,Carter,H1
KY,21045,Casey,H1
KY,21047,Christian,H1
KY,21049,Clark,H1
KY,21051,Clay,H1
KY,21053,Clinton,H1
KY,21055,Crittenden,H1
KY,21057,Cumberland,H1
KY,21059,Daviess,H1
KY,21061,Edmonson,H1
KY,21063,Elliott,H1
KY,21065,Estill,H1
KY,21067,Fayette,H6
KY,21069,Fleming,H1
KY,21071,Floyd,H1
KY,21073,Franklin,H1
KY,21075,Fulton,H1
KY,21077,Gallatin,H1
KY,21079,Garrard,H1
KY,21081,Grant,H1
KY,21083,Graves,H1
KY,21085,Grayson,H1
KY,21087,Green,H1
KY,21089,Greenup,H1
KY,21091,Hancock,H1
KY,21093,Hardin,H1
KY,21095,Harlan,H1
KY,21097,Harrison,H1
KY,21099,Hart,H1
KY,21101,Henderson,H1
KY,21103,Henry,H1
KY,21105,Hickman,H1
KY,21107,Hopkins,H1
KY,21109,Jackson,H1
KY,21111,Jefferson,H1
KY,21113,Jessamine,H1
KY,21115,Johnson,H1
KY,21117,Kenton,H1
KY,21119,Knott,H1
KY,21121,Knox,H1
KY,21123,Larue,H1
KY,21125,Laurel,H1
KY,21127,Lawrence,H1
KY,21129,Lee,H1
KY,21131,Leslie,H1
KY,21133,Letcher,H1
KY,21135,Lewis,H1
KY,21137,Lincoln,H1
KY,21139,Livingston,H1
KY,21141,Logan,H1
KY,21143,Lyon,H1
KY,21145,McCracken,H1
KY,21147,McCreary,H1
KY,21149,McLean,H1
KY,21151,Madison,H1
KY,21153,Magoffin,H1
KY,21155,Marion,H1
KY,21157,Marshall,H1
KY,21159,Martin,H1
KY,21161,Mason,H1
KY,21163,Meade,H1
KY,21165,Menifee,H1
KY,21167,Mercer,H1
KY,21169,Metcalfe,H1
KY,21171,Monroe,H1
KY,21173,Montgomery,H1
KY,21175,Morgan,H1
KY,21177,Muhlenberg,H1
KY,21179,Nelson,H1
KY,21181,Nicholas,H1
KY,21183,Ohio,H1
KY,21185,Oldham,H1
KY,21187,Owen,H1
KY,21189,Owsley,H1
KY,21191,Pendleton,H1
KY,21193,Perry,H1
KY,21195,Pike,H1
KY,21197,Powell,H1
KY,21199,Pulaski,H1
KY,21201,Robertson,H1
KY,21203,Rockcastle,H1
KY,21205,Rowan,H1
KY,21207,Russell,H1
KY,21209,Scott,H1
KY,21211,Shelby,H1
KY,21213,Simpson,H1
KY,21215,Spencer,H1
KY,21217,Taylor,H1
KY,21219,Todd,H1
KY,21221,Trigg,H1
KY,21223,Trimble,H1
KY,21225,Union,H1
KY,21227,Warren,H1
KY,21229,Washington,H1
KY,21231,Wayne,H1
KY,21233,Webster,H1
KY,21235,Whitley,H1
KY,21237,Wolfe,H1
KY,21239,Woodford,H1
LA,22001,Acadia,H1
LA,22003,Allen,H1
LA,22005,Ascension,H1
LA,22007,Assumption,H1
LA,22009,Avoyelles,H1
LA,22011,Beauregard,H1
LA,22013,Bienville,H1
LA,22015,Bossier,H1
LA,22017,Caddo,H1
LA,22019,Calcasieu,H1
LA,22021,Caldwell,H1
LA,22023,Cameron,H1
LA,22025,Catahoula,H1
LA,22027,Claiborne,H1
LA,22029,Concordia,H1
LA,22031,De Soto,H1
LA,22033,East Baton Rouge,H1
LA,22035,East Carroll,H1
LA,22037,East Feliciana,H1
LA,22039,Evangeline,H1
LA,22041,Franklin,H1
LA,22043,Grant,H1
LA,22045,Iberia,H1
LA,22047,Iberville,H1
LA,22049,Jackson,H1
LA,22051,Jefferson,H1
LA,22053,Jefferson Davis,H1
LA,22055,Lafayette,H1
LA,22057,Lafourche,H1
LA,22059,La Salle,H1
LA,22061,Lincoln,H1
LA,22063,Livingston,H1
LA,22065,Madison,H1
LA,22067,Morehouse,H1
LA,22069,Natchitoches,H1
LA,22071,Orleans,H6
LA,22073,Ouachita,H1
LA,22075,Plaquemines,H1
LA,22077,Pointe Coupee,H1
LA,22079,Rapides,H1
LA,22081,Red River,H1
LA,22083,Richland,H1
LA,22085,Sabine,H1
LA,22087,St. Bernard,H1
LA,22089,St. Charles,H1
LA,22091,St. Helena,H1
LA,22093,St. James,H1
LA,22095,St. John the Baptist,H1
LA,22097,St. Landry,H1
LA,22099,St. Martin,H1
LA,22101,St. Mary,H1
LA,22103,St. Tammany,H1
LA,22105,Tangipahoa,H1
LA,22107,Tensas,H1
LA,22109,Terrebonne,H1
LA,22111,Union,H1
LA,22113,Vermilion,H1
LA,22115,Vernon,H1
LA,22117,Washington,H1
LA,22119,Webster,H1
LA,22121,West Baton Rouge,H1
LA,22123,West Carroll,H1
LA,22125,West Feliciana,H1
LA,22127,Winn,H1
ME,23001,Androscoggin,H1
ME,23003,Aroostook,H1
ME,23005,Cumberland,H1
ME,23007,Franklin,H1
ME,23009,Hancock,H1
ME,23011,Kennebec,H1
ME,23013,Knox,H1
ME,23015,Lincoln,H1
ME,23017,Oxford,H1
ME,23019,Penobscot,H1
ME,23021,Piscataquis,H1
ME,23023,Sagadahoc,H1
ME,23025,Somerset,H1
ME,23027,Waldo,H1
ME,23029,Washington,H1
ME,23031,York,H1
MD,24001,Allegany,H1
MD,24003,Anne Arundel,H1
MD,24005,Baltimore,H1
MD,24009,Calvert,H1
MD,24011,Caroline,H1
MD,24013,Carroll,H1
MD,24015,Cecil,H1
MD,24017,Charles,H1
MD,24019,Dorchester,H1
MD,24021,Frederick,H1
MD,24023,Garrett,H1
MD,24025,Harford,H1
MD,24027,Howard,H1
MD,24029,Kent,H1
MD,24031,Montgomery,H1
MD,24033,Prince George's,H1
MD,24035,Queen Anne's,H1
MD,24037,St. Mary's,H1
MD,24039,Somerset,H1
MD,24041,Talbot,H1
MD,24043,Washington,H1
MD,24045,Wicomico,H1
MD,24047,Worcester,H1
MD,24510,Baltimore city,C7
MA,25001,Barnstable,H1
MA,25003,Berkshire,H4
MA,25005,Bristol,H1
MA,25007,Dukes,H1
MA,25009,Essex,H4
MA,25011,Franklin,H4
MA,25013,Hampden,H4
MA,25015,Hampshire,H4
MA,25017,Middlesex,H4
MA,25019,Nantucket,H4
MA,25021,Norfolk,H1
MA,25023,Plymouth,H1
MA,25025,Suffolk,H4
MA,25027,Worcester,H4
MI,26001,Alcona,H1
MI,26003,Alger,H1
MI,26005,Allegan,H1
MI,26007,Alpena,H1
MI,26009,Antrim,H1
MI,26011,Arenac,H1
MI,26013,Baraga,H1
MI,26015,Barry,H1
MI,26017,Bay,H1
MI,26019,Benzie,H1
MI,26021,Berrien,H1
MI,26023,Branch,H1
MI,26025,Calhoun,H1
MI,26027,Cass,H1
MI,26029,Charlevoix,H1
MI,26031,Cheboygan,H1
MI,26033,Chippewa,H1
MI,26035,Clare,H1
MI,26037,Clinton,H1
MI,26039,Crawford,H1
MI,26041,Delta,H1
MI,26043,Dickinson,H1
MI,26045,Eaton,H1
MI,26047,Emmet,H1
MI,26049,Genesee,H1
MI,26051,Gladwin,H1
MI,26053,Gogebic,H1
MI,26055,Grand Traverse,H1
MI,26057,Gratiot,H1
MI,26059,Hillsdale,H1
MI,26061,Houghton,H1
MI,26063,Huron,H1
MI,26065,Ingham,H1
MI,26067,Ionia,H1
MI,26069,Iosco,H1
MI,26071,Iron,H1
MI,26073,Isabella,H1
MI,26075,Jackson,H1
MI,26077,Kalamazoo,H1
MI,26079,Kalkaska,H1
MI,26081,Kent,H1
MI,26083,Keweenaw,H1
MI,26085,Lake,H1
MI,26087,Lapeer,H1
MI,26089,Leelanau,H1
MI,26091,Lenawee,H1
MI,26093,Livingston,H1
MI,26095,Luce,H1
MI,26097,Mackinac,H1
MI,26099,Macomb,H1
MI,26101,Manistee,H1
MI,26103,Marquette,H1
MI,26105,Mason,H1
MI,26107,Mecosta,H1
MI,26109,Menominee,H1
MI,26111,Midland,H1
MI,26113,Missaukee,H1
MI,26115,Monroe,H1
MI,26117,Montcalm,H1
MI,26119,Montmorency,H1
MI,26121,Muskegon,H1
MI,26123,Newaygo,H1
MI,26125,Oakland,H1
MI,26127,Oceana,H1
MI,26129,Ogemaw,H1
MI,26131,Ontonagon,H1
MI,26133,Osceola,H1
MI,26135,Oscoda,H1
MI,26137,Otsego,H1
MI,26139,Ottawa,H1
MI,26141,Presque Isle,H1
MI,26143,Roscommon,H1
MI,26145,Saginaw,H1
MI,26147,St. Clair,H1
MI,26149,St. Joseph,H1
MI,26151,Sanilac,H1
MI,26153,Schoolcraft,H1
MI,26155,Shiawassee,H1
MI,26157,Tuscola,H1
MI,26159,Van Buren,H1
MI,26161,Washtenaw,H1
MI,26163,Wayne,H1
MI,26165,Wexford,H1
MN,27001,Aitkin,H1
MN,27003,Anoka,H1
MN,27005,Becker,H1
MN,27007,Beltrami,H1
MN,27009,Benton,H1
MN,27011,Big Stone,H1
MN,27013,Blue Earth,H1
MN,27015,Brown,H1
MN,27017,Carlton,H1
MN,27019,Carver,H1
MN,27021,Cass,H1
MN,27023,Chippewa,H1
MN,27025,Chisago,H1
MN,27027,Clay,H1
MN,27029,Clearwater,H1
MN,27031,Cook,H1
MN,27033,Cottonwood,H1
MN,27035,Crow Wing,H1
MN,27037,Dakota,H1
MN,27039,Dodge,H1
MN,27041,Douglas,H1
MN,27043,Faribault,H1
MN,27045,Fillmore,H1
MN,27047,Freeborn,H1
MN,27049,Goodhue,H1
MN,27051,Grant,H1
MN,27053,Hennepin,H1
MN,27055,Houston,H1
MN,27057,Hubbard,H1
MN,27059,Isanti,H1
MN,27061,Itasca,H1
MN,27063,Jackson,H1
MN,27065,Kanabec,H1
MN,27067,Kandiyohi,H1
MN,27069,Kittson,H1
MN,27071,Koochiching,H1
MN,27073,Lac qui Parle,H1
MN,27075,Lake,H1
MN,27077,Lake of the Woods,H1
MN,27079,Le Sueur,H1
MN,27081,Lincoln,H1
MN,27083,Lyon,H1
MN,27085,McLeod,H1
MN,27087,Mahnomen,H1
MN,27089,Marshall,H1
MN,27091,Martin,H1
MN,27093,Meeker,H1
MN,27095,Mille Lacs,H1
MN,27097,Morrison,H1
MN,27099,Mower,H1
MN,27101,Murray,H1
MN,27103,Nicollet,H1
MN,27105,Nobles,H1
MN,27107,Norman,H1
MN,27109,Olmsted,H1
MN,27111,Otter Tail,H1
MN,27113,Pennington,H1
MN,27115,Pine,H1
MN,27117,Pipestone,H1
MN,27119,Polk,H1
MN,27121,Pope,H1
MN,27123,Ramsey,H1
MN,27125,Red Lake,H1
MN,27127,Redwood,H1
MN,27129,Renville,H1
MN,27131,Rice,H1
MN,27133,Rock,H1
MN,27135,Roseau,H1
MN,27137,St. Louis,H1
MN,27139,Scott,H1
MN,27141,Sherburne,H1
MN,27143,Sibley,H1
MN,27145,Stearns,H1
MN,27147,Steele,H1
MN,27149,Stevens,H1
MN,27151,Swift,H1
MN,27153,Todd,H1
MN,27155,Traverse,H1
MN,27157,Wabasha,H1
MN,27159,Wadena,H1
MN,27161,Waseca,H1
MN,27163,Washington,H1
MN,27165,Watonwan,H1
MN,27167,Wilkin,H1
MN,27169,Winona,H1
MN,27171,Wright,H1
MN,27173,Yellow Medicine,H1
MS,28001,Adams,H1
MS,28003,Alcorn,H1
MS,28005,Amite,H1
MS,28007,Attala,H1
MS,28009,Benton,H1
MS,28011,Bolivar,H1
MS,28013,Calhoun,H1
MS,28015,Carroll,H1
MS,28017,Chickasaw,H1
MS,28019,Choctaw,H1
MS,28021,Claiborne,H1
MS,28023,Clarke,H1
MS,28025,Clay,H1
MS,28027,Coahoma,H1
MS,28029,Copiah,H1
MS,28031,Covington,H1
MS,28033,DeSoto,H1
MS,28035,Forrest,H1
MS,28037,Franklin,H1
MS,28039,George,H1
MS,28041,Greene,H1
MS,28043,Grenada,H1
MS,28045,Hancock,H1
MS,28047,Harrison,H1
MS,28049,Hinds,H1
MS,28051,Holmes,H1
MS,28053,Humphreys,H1
MS,28055,Issaquena,H1
MS,28057,Itawamba,H1
MS,28059,Jackson,H1
MS,28061,Jasper,H1
MS,28063,Jefferson,H1
MS,28065,Jefferson Davis,H1
MS,28067,Jones,H1
MS,28069,Kemper,H1
MS,28071,Lafayette,H1
MS,28073,Lamar,H1
MS,28075,Lauderdale,H1
MS,28077,Lawrence,H1
MS,28079,Leake,H1
MS,28081,Lee,H1
MS,28083,Leflore,H1
MS,28085,Lincoln,H1
MS,28087,Lowndes,H1
MS,28089,Madison,H1
MS,28091,Marion,H1
MS,28093,Marshall,H1
MS,28095,Monroe,H1
MS,28097,Montgomery,H1
MS,28099,Neshoba,H1
MS,28101,Newton,H1
MS,28103,Noxubee,H1
MS,28105,Oktibbeha,H1
MS,28107,Panola,H1
MS,28109,Pearl River,H1
MS,28111,Perry,H1
MS,28113,Pike,H1
MS,28115,Pontotoc,H1
MS,28117,Prentiss,H1
MS,28119,Quitman,H1
MS,28121,Rankin,H1
MS,28123,Scott,H1
MS,28125,Sharkey,H1
MS,28127,Simpson,H1
MS,28129,Smith,H1
MS,28131,Stone,H1
MS,28133,Sunflower,H1
MS,28135,Tallahatchie,H1
MS,28137,Tate,H1
MS,28139,Tippah,H1
MS,28141,Tishomingo,H1
MS,28143,Tunica,H1
MS,28145,Union,H1
MS,28147,Walthall,H1
MS,28149,Warren,H1
MS,28151,Washington,H1
MS,28153,Wayne,H1
MS,28155,Webster,H1
MS,28157,Wilkinson,H1
MS,28159,Winston,H1
MS,28161,Yalobusha,H1
MS,28163,Yazoo,H1
MO,29001,Adair,H1
MO,29003,Andrew,H1
MO,29005,Atchison,H1
MO,29007,Audrain,H1
MO,29009,Barry,H1
MO,29011,Barton,H1
MO,29013,Bates,H1
MO,29015,Benton,H1
MO,29017,Bollinger,H1
MO,29019,Boone,H1
MO,29021,Buchanan,H1
MO,29023,Butler,H1
MO,29025,Caldwell,H1
MO,29027,Callaway,H1
MO,29029,Camden,H1
MO,29031,Cape Girardeau,H1
MO,29033,Carroll,H1
MO,29035,Carter,H1
MO,29037,Cass,H1
MO,29039,Cedar,H1
MO,29041,Chariton,H1
MO,29043,Christian,H1
MO,29045,Clark,H1
MO,29047,Clay,H1
MO,29049,Clinton,H1
MO,29051,Cole,H1
MO,29053,Cooper,H1
MO,29055,Crawford,H1
MO,29057,Dade,H1
MO,29059,Dallas,H1
MO,29061,Daviess,H1
MO,29063,DeKalb,H1
MO,29065,Dent,H1
MO,29067,Douglas,H1
MO,29069,Dunklin,H1
MO,29071,Franklin,H1
MO,29073,Gasconade,H1
MO,29075,Gentry,H1
MO,29077,Greene,H1
MO,29079,Grundy,H1
MO,29081,Harrison,H1
MO,29083,Henry,H1
MO,29085,Hickory,H1
MO,29087,Holt,H1
MO,29089,Howard,H1
MO,29091,Howell,H1
MO,29093,Iron,H1
MO,29095,Jackson,H1
MO,29097,Jasper,H1
MO,29099,Jefferson,H1
MO,29101,Johnson,H1
MO,29103,Knox,H1
MO,29105,Laclede,H1
MO,29107,Lafayette,H1
MO,29109,Lawrence,H1
MO,29111,Lewis,H1
MO,29113,Lincoln,H1
MO,29115,Linn,H1
MO,29117,Livingston,H1
MO,29119,McDonald,H1
MO,29121,Macon,H1
MO,29123,Madison,H1
MO,29125,Maries,H1
MO,29127,Marion,H1
MO,29129,Mercer,H1
MO,29131,Miller,H1
MO,29133,Mississippi,H1
MO,29135,Moniteau,H1
MO,29137,Monroe,H1
MO,29139,Montgomery,H1
MO,29141,Morgan,H1
MO,29143,New Madrid,H1
MO,29145,Newton,H1
MO,29147,Nodaway,H1
MO,29149,Oregon,H1
MO,29151,Osage,H1
MO,29153,Ozark,H1
MO,29155,Pemiscot,H1
MO,29157,Perry,H1
MO,29159,Pettis,H1
MO,29161,Phelps,H1
MO,29163,Pike,H1
MO,29165,Platte,H1
MO,29167,Polk,H1
MO,29169,Pulaski,H1
MO,29171,Putnam,H1
MO,29173,Ralls,H1
MO,29175,Randolph,H1
MO,29177,Ray,H1
MO,29179,Reynolds,H1
MO,29181,Ripley,H1
MO,29183,St. Charles,H1
MO,29185,St. Clair,H1
MO,29186,Ste. Genevieve,H1
MO,29187,St. Francois,H1
MO,29189,St. Louis,H1
MO,29195,Saline,H1
MO,29197,Schuyler,H1
MO,29199,Scotland,H1
MO,29201,Scott,H1
MO,29203,Shannon,H1
MO,29205,Shelby,H1
MO,29207,Stoddard,H1
MO,29209,Stone,H1
MO,29211,Sullivan,H1
MO,29213,Taney,H1
MO,29215,Texas,H1
MO,29217,Vernon,H1
MO,29219,Warren,H1
MO,29221,Washington,H1
MO,29223,Wayne,H1
MO,29225,Webster,H1
MO,29227,Worth,H1
MO,29229,Wright,H1
MO,29510,St. Louis city,C7
MT,30001,Beaverhead,H1
MT,30003,Big Horn,H1
MT,30005,Blaine,H1
MT,30007,Broadwater,H1
MT,30009,Carbon,H1
MT,30011,Carter,H1
MT,30013,Cascade,H1
MT,30015,Chouteau,H1
MT,30017,Custer,H1
MT,30019,Daniels,H1
MT,30021,Dawson,H1
MT,30023,Deer Lodge,H6
MT,30025,Fallon,H1
MT,30027,Fergus,H1
MT,30029,Flathead,H1
MT,30031,Gallatin,H1
MT,30033,Garfield,H1
MT,30035,Glacier,H1
MT,30037,Golden Valley,H1
MT,30039,Granite,H1
MT,30041,Hill,H1
MT,30043,Jefferson,H1
MT,30045,Judith Basin,H1
MT,30047,Lake,H1
MT,30049,Lewis and Clark,H1
MT,30051,Liberty,H1
MT,30053,Lincoln,H1
MT,30055,McCone,H1
MT,30057,Madison,H1
MT,30059,Meagher,H1
MT,30061,Mineral,H1
MT,30063,Missoula,H1
MT,30065,Musselshell,H1
MT,30067,Park,H1
MT,30069,Petroleum,H1
MT,30071,Phillips,H1
MT,30073,Pondera,H1
MT,30075,Powder River,H1
MT,30077,Powell,H1
MT,30079,Prairie,H1
MT,30081,Ravalli,H1
MT,30083,Richland,H1
MT,30085,Roosevelt,H1
MT,30087,Rosebud,H1
MT,30089,Sanders,H1
MT,30091,Sheridan,H1
MT,30093,Silver Bow,H6
MT,30095,Stillwater,H1
MT,30097,Sweet Grass,H1
MT,30099,Teton,H1
MT,30101,Toole,H1
MT,30103,Treasure,H1
MT,30105,Valley,H1
MT,30107,Wheatland,H1
MT,30109,Wibaux,H1
MT,30111,Yellowstone,H1
NE,31001,Adams,H1
NE,31003,Antelope,H1
NE,31005,Arthur,H1
NE,31007,Banner,H1
NE,31009,Blaine,H1
NE,31011,Boone,H1
NE,31013,Box Butte,H1
NE,31015,Boyd,H1
NE,31017,Brown,H1
NE,31019,Buffalo,H1
NE,31021,Burt,H1
NE,31023,Butler,H1
NE,31025,Cass,H1
NE,31027,Cedar,H1
NE,31029,Chase,H1
NE,31031,Cherry,H1
NE,31033,Cheyenne,H1
NE,31035,Clay,H1
NE,31037,Colfax,H1
NE,31039,Cuming,H1
NE,31041,Custer,H1
NE,31043,Dakota,H1
NE,31045,Dawes,H1
NE,31047,Dawson,H1
NE,31049,Deuel,H1
NE,31051,Dixon,H1
NE,31053,Dodge,H1
NE,31055,Douglas,H1
NE,31057,Dundy,H1
NE,31059,Fillmore,H1
NE,31061,Franklin,H1
NE,31063,Frontier,H1
NE,31065,Furnas,H1
NE,31067,Gage,H1
NE,31069,Garden,H1
NE,31071,Garfield,H1
NE,31073,Gosper,H1
NE,31075,Grant,H1
NE,31077,Greeley,H1
NE,31079,Hall,H1
NE,31081,Hamilton,H1
NE,31083,Harlan,H1
NE,31085,Hayes,H1
NE,31087,Hitchcock,H1
NE,31089,Holt,H1
NE,31091,Hooker,H1
NE,31093,Howard,H1
NE,31095,Jefferson,H1
NE,31097,Johnson,H1
NE,31099,Kearney,H1
NE,31101,Keith,H1
NE,31103,Keya Paha,H1
NE,31105,Kimball,H1
NE,31107,Knox,H1
NE,31109,Lancaster,H1
NE,31111,Lincoln,H1
NE,31113,Logan,H1
NE,31115,Loup,H1
NE,31117,McPherson,H1
NE,31119,Madison,H1
NE,31121,Merrick,H1
NE,31123,Morrill,H1
NE,31125,Nance,H1
NE,31127,Nemaha,H1
NE,31129,Nuckolls,H1
NE,31131,Otoe,H1
NE,31133,Pawnee,H1
NE,31135,Perkins,H1
NE,31137,Phelps,H1
NE,31139,Pierce,H1
NE,31141,Platte,H1
NE,31143,Polk,H1
NE,31145,Red Willow,H1
NE,31147,Richardson,H1
NE,31149,Rock,H1
NE,31151,Saline,H1
NE,31153,Sarpy,H1
NE,31155,Saunders,H1
NE,31157,Scotts Bluff,H1
NE,31159,Seward,H1
NE,31161,Sheridan,H1
NE,31163,Sherman,H1
NE,31165,Sioux,H1
NE,31167,Stanton,H1
NE,31169,Thayer,H1
NE,31171,Thomas,H1
NE,31173,Thurston,H1
NE,31175,Valley,H1
NE,31177,Washington,H1
NE,31179,Wayne,H1
NE,31181,Webster,H1
NE,31183,Wheeler,H1
NE,31185,York,H1
NV,32001,Churchill,H1
NV,32003,Clark,H1
NV,32005,Douglas,H1
NV,32007,Elko,H1
NV,32009,Esmeralda,H1
NV,32011,Eureka,H1
NV,32013,Humboldt,H1
NV,32015,Lander,H1
NV,32017,Lincoln,H1
NV,32019,Lyon,H1
NV,32021,Mineral,H1
NV,32023,Nye,H1
NV,32027,Pershing,H1
NV,32029,Storey,H1
NV,32031,Washoe,H1
NV,32033,White Pine,H1
NV,32510,Carson City,C7
NH,33001,Belknap,H1
NH,33003,Carroll,H1
NH,33005,Cheshire,H1
NH,33007,Coos,H1
NH,33009,Grafton,H1
NH,33011,Hillsborough,H1
NH,33013,Merrimack,H1
NH,33015,Rockingham,H1
NH,33017,Strafford,H1
NH,33019,Sullivan,H1
NJ,34001,Atlantic,H1
NJ,34003,Bergen,H1
NJ,34005,Burlington,H1
NJ,34007,Camden,H1
NJ,34009,Cape May,H1
NJ,34011,Cumberland,H1
NJ,34013,Essex,H1
NJ,34015,Gloucester,H1
NJ,34017,Hudson,H1
NJ,34019,Hunterdon,H1
NJ,34021,Mercer,H1
NJ,34023,Middlesex,H1
NJ,34025,Monmouth,H1
NJ,34027,Morris,H1
NJ,34029,Ocean,H1
NJ,34031,Passaic,H1
NJ,34033,Salem,H1
NJ,34035,Somerset,H1
NJ,34037,Sussex,H1
NJ,34039,Union,H1
NJ,34041,Warren,H1
NM,35001,Bernalillo,H1
NM,35003,Catron,H1
NM,35005,Chaves,H1
NM,35006,Cibola,H1
NM,35007,Colfax,H1
NM,35009,Curry,H1
NM,35011,De Baca,H1
NM,35013,Dona Ana,H1
NM,35015,Eddy,H1
NM,35017,Grant,H1
NM,35019,Guadalupe,H1
NM,35021,Harding,H1
NM,35023,Hidalgo,H1
NM,35025,Lea,H1
NM,35027,Lincoln,H1
NM,35028,Los Alamos,H1
NM,35029,Luna,H1
NM,35031,McKinley,H1
NM,35033,Mora,H1
NM,35035,Otero,H1
NM,35037,Quay,H1
NM,35039,Rio Arriba,H1
NM,35041,Roosevelt,H1
NM,35043,Sandoval,H1
NM,35045,San Juan,H1
NM,35047,San Miguel,H1
NM,35049,Santa Fe,H1
NM,35051,Sierra,H1
NM,35053,Socorro,H1
NM,35055,Taos,H1
NM,35057,Torrance,H1
NM,35059,Union,H1
NM,35061,Valencia,H1
NY,36001,Albany,H1
NY,36003,Allegany,H1
NY,36005,Bronx,H6
NY,36007,Broome,H1
NY,36009,Cattaraugus,H1
NY,36011,Cayuga,H1
NY,36013,Chautauqua,H1
NY,36015,Chemung,H1
NY,36017,Chenango,H1
NY,36019,Clinton,H1
NY,36021,Columbia,H1
NY,36023,Cortland,H1
NY,36025,Delaware,H1
NY,36027,Dutchess,H1
NY,36029,Erie,H1
NY,36031,Essex,H1
NY,36033,Franklin,H1
NY,36035,Fulton,H1
NY,36037,Genesee,H1
NY,36039,Greene,H1
NY,36041,Hamilton,H1
NY,36043,Herkimer,H1
NY,36045,Jefferson,H1
NY,36047,Kings,H6
NY,36049,Lewis,H1
NY,36051,Livingston,H1
NY,36053,Madison,H1
NY,36055,Monroe,H1
NY,36057,Montgomery,H1
NY,36059,Nassau,H1
NY,36061,New York,H6
NY,36063,Niagara,H1
NY,36065,Oneida,H1
NY,36067,Onondaga,H1
NY,36069,Ontario,H1
NY,36071,Orange,H1
NY,36073,Orleans,H1
NY,36075,Oswego,H1
NY,36077,Otsego,H1
NY,36079,Putnam,H1
NY,36081,Queens,H6
NY,36083,Rensselaer,H1
NY,36085,Richmond,H6
NY,36087,Rockland,H1
NY,36089,St. Lawrence,H1
NY,36091,Saratoga,H1
NY,36093,Schenectady,H1
NY,36095,Schoharie,H1
NY,36097,Schuyler,H1
NY,36099,Seneca,H1
NY,36101,Steuben,H1
NY,36103,Suffolk,H1
NY,36105,Sullivan,H1
NY,36107,Tioga,H1
NY,36109,Tompkins,H1
NY,36111,Ulster,H1
NY,36113,Warren,H1
NY,36115,Washington,H1
NY,36117,Wayne,H1
NY,36119,Westchester,H1
NY,36121,Wyoming,H1
NY,36123,Yates,H1
NC,37001,Alamance,H1
NC,37003,Alexander,H1
NC,37005,Alleghany,H1
NC,37007,Anson,H1
NC,37009,Ashe,H1
NC,37011,Avery,H1
NC,37013,Beaufort,H1
NC,37015,Bertie,H1
NC,37017,Bladen,H1
NC,37019,Brunswick,H1
NC,37021,Buncombe,H1
NC,37023,Burke,H1
NC,37025,Cabarrus,H1
NC,37027,Caldwell,H1
NC,37029,Camden,H1
NC,37031,Carteret,H1
NC,37033,Caswell,H1
NC,37035,Catawba,H1
NC,37037,Chatham,H1
NC,37039,Cherokee,H1
NC,37041,Chowan,H1
NC,37043,Clay,H1
NC,37045,Cleveland,H1
NC,37047,Columbus,H1
NC,37049,Craven,H1
NC,37051,Cumberland,H1
NC,37053,Currituck,H1
NC,37055,Dare,H1
NC,37057,Davidson,H1
NC,37059,Davie,H1
NC,37061,Duplin,H1
NC,37063,Durham,H1
NC,37065,Edgecombe,H1
NC,37067,Forsyth,H1
NC,37069,Franklin,H1
NC,37071,Gaston,H1
NC,37073,Gates,H1
NC,37075,Graham,H1
NC,37077,Granville,H1
NC,37079,Greene,H1
NC,37081,Guilford,H1
NC,37083,Halifax,H1
NC,37085,Harnett,H1
NC,37087,Haywood,H1
NC,37089,Henderson,H1
NC,37091,Hertford,H1
NC,37093,Hoke,H1
NC,37095,Hyde,H1
NC,37097,Iredell,H1
NC,37099,Jackson,H1
NC,37101,Johnston,H1
NC,37103,Jones,H1
NC,37105,Lee,H1
NC,37107,Lenoir,H1
NC,37109,Lincoln,H1
NC,37111,McDowell,H1
NC,37113,Macon,H1
NC,37115,Madison,H1
NC,37117,Martin,H1
NC,37119,Mecklenburg,H1
NC,37121,Mitchell,H1
NC,37123,Montgomery,H1
NC,37125,Moore,H1
NC,37127,Nash,H1
NC,37129,New Hanover,H1
NC,37131,Northampton,H1
NC,37133,Onslow,H1
NC,37135,Orange,H1
NC,37137,Pamlico,H1
NC,37139,Pasquotank,H1
NC,37141,Pender,H1
NC,37143,Perquimans,H1
NC,37145,Person,H1
NC,37147,Pitt,H1
NC,37149,Polk,H1
NC,37151,Randolph,H1
NC,37153,Richmond,H1
NC,37155,Robeson,H1
NC,37157,Rockingham,H1
NC,37159,Rowan,H1
NC,37161,Rutherford,H1
NC,37163,Sampson,H1
NC,37165,Scotland,H1
NC,37167,Stanly,H1
NC,37169,Stokes,H1
NC,37171,Surry,H1
NC,37173,Swain,H1
NC,37175,Transylvania,H1
NC,37177,Tyrrell,H1
NC,37179,Union,H1
NC,37181,Vance,H1
NC,37183,Wake,H1
NC,37185,Warren,H1
NC,37187,Washington,H1
NC,37189,Watauga,H1
NC,37191,Wayne,H1
NC,37193,Wilkes,H1
NC,37195,Wilson,H1
NC,37197,Yadkin,H1
NC,37199,Yancey,H1
ND,38001,Adams,H1
ND,38003,Barnes,H1
ND,38005,Benson,H1
ND,38007,Billings,H1
ND,38009,Bottineau,H1
ND,38011,Bowman,H1
ND,38013,Burke,H1
ND,38015,Burleigh,H1
ND,38017,Cass,H1
ND,38019,Cavalier,H1
ND,38021,Dickey,H1
ND,38023,Divide,H1
ND,38025,Dunn,H1
ND,38027,Eddy,H1
ND,38029,Emmons,H1
ND,38031,Foster,H1
ND,38033,Golden Valley,H1
ND,38035,Grand Forks,H1
ND,38037,Grant,H1
ND,38039,Griggs,H1
ND,38041,Hettinger,H1
ND,38043,Kidder,H1
ND,38045,LaMoure,H1
ND,38047,Logan,H1
ND,38049,McHenry,H1
ND,38051,McIntosh,H1
ND,38053,McKenzie,H1
ND,38055,McLean,H1
ND,38057,Mercer,H1
ND,38059,Morton,H1
ND,38061,Mountrail,H1
ND,38063,Nelson,H1
ND,38065,Oliver,H1
ND,38067,Pembina,H1
ND,38069,Pierce,H1
ND,38071,Ramsey,H1
ND,38073,Ransom,H1
ND,38075,Renville,H1
ND,38077,Richland,H1
ND,38079,Rolette,H1
ND,38081,Sargent,H1
ND,38083,Sheridan,H1
ND,38085,Sioux,H1
ND,38087,Slope,H1
ND,38089,Stark,H1
ND,38091,Steele,H1
ND,38093,Stutsman,H1
ND,38095,Towner,H1
ND,38097,Traill,H1
ND,38099,Walsh,H1
ND,38101,Ward,H1
ND,38103,Wells,H1
ND,38105,Williams,H1
OH,39001,Adams,H1
OH,39003,Allen,H1
OH,39005,Ashland,H1
OH,39007,Ashtabula,H1
OH,39009,Athens,H1
OH,39011,Auglaize,H1
OH,39013,Belmont,H1
OH,39015,Brown,H1
OH,39017,Butler,H1
OH,39019,Carroll,H1
OH,39021,Champaign,H1
OH,39023,Clark,H1
OH,39025,Clermont,H1
OH,39027,Clinton,H1
OH,39029,Columbiana,H1
OH,39031,Coshocton,H1
OH,39033,Crawford,H1
OH,39035,Cuyahoga,H1
OH,39037,Darke,H1
OH,39039,Defiance,H1
OH,39041,Delaware,H1
OH,39043,Erie,H1
OH,39045,Fairfield,H1
OH,39047,Fayette,H1
OH,39049,Franklin,H1
OH,39051,Fulton,H1
OH,39053,Gallia,H1
OH,39055,Geauga,H1
OH,39057,Greene,H1
OH,39059,Guernsey,H1
OH,39061,Hamilton,H1
OH,39063,Hancock,H1
OH,39065,Hardin,H1
OH,39067,Harrison,H1
OH,39069,Henry,H1
OH,39071,Highland,H1
OH,39073,Hocking,H1
OH,39075,Holmes,H1
OH,39077,Huron,H1
OH,39079,Jackson,H1
OH,39081,Jefferson,H1
OH,39083,Knox,H1
OH,39085,Lake,H1
OH,39087,Lawrence,H1
OH,39089,Licking,H1
OH,39091,Logan,H1
OH,39093,Lorain,H1
OH,39095,Lucas,H1
OH,39097,Madison,H1
OH,39099,Mahoning,H1
OH,39101,Marion,H1
OH,39103,Medina,H1
OH,39105,Meigs,H1
OH,39107,Mercer,H1
OH,39109,Miami,H1
OH,39111,Monroe,H1
OH,39113,Montgomery,H1
OH,39115,Morgan,H1
OH,39117,Morrow,H1
OH,39119,Muskingum,H1
OH,39121,Noble,H1
OH,39123,Ottawa,H1
OH,39125,Paulding,H1
OH,39127,Perry,H1
OH,39129,Pickaway,H1
OH,39131,Pike,H1
OH,39133,Portage,H1
OH,39135,Preble,H1
OH,39137,Putnam,H1
OH,39139,Richland,H1
OH,39141,Ross,H1
OH,39143,Sandusky,H1
OH,39145,Scioto,H1
OH,39147,Seneca,H1
OH,39149,Shelby,H1
OH,39151,Stark,H1
OH,39153,Summit,H1
OH,39155,Trumbull,H1
OH,39157,Tuscarawas,H1
OH,39159,Union,H1
OH,39161,Van Wert,H1
OH,39163,Vinton,H1
OH,39165,Warren,H1
OH,39167,Washington,H1
OH,39169,Wayne,H1
OH,39171,Williams,H1
OH,39173,Wood,H1
OH,39175,Wyandot,H1
OK,40001,Adair,H1
OK,40003,Alfalfa,H1
OK,40005,Atoka,H1
OK,40007,Beaver,H1
OK,40009,Beckham,H1
OK,40011,Blaine,H1
OK,40013,Bryan,H1
OK,40015,Caddo,H1
OK,40017,Canadian,H1
OK,40019,Carter,H1
OK,40021,Cherokee,H1
OK,40023,Choctaw,H1
OK,40025,Cimarron,H1
OK,40027,Cleveland,H1
OK,40029,Coal,H1
OK,40031,Comanche,H1
OK,40033,Cotton,H1
OK,40035,Craig,H1
OK,40037,Creek,H1
OK,40039,Custer,H1
OK,40041,Delaware,H1
OK,40043,Dewey,H1
OK,40045,Ellis,H1
OK,40047,Garfield,H1
OK,40049,Garvin,H1
OK,40051,Grady,H1
OK,40053,Grant,H1
OK,40055,Greer,H1
OK,40057,Harmon,H1
OK,40059,Harper,H1
OK,40061,Haskell,H1
OK,40063,Hughes,H1
OK,40065,Jackson,H1
OK,40067,Jefferson,H1
OK,40069,Johnston,H1
OK,40071,Kay,H1
OK,40073,Kingfisher,H1
OK,40075,Kiowa,H1
OK,40077,Latimer,H1
OK,40079,Le Flore,H1
OK,40081,Lincoln,H1
OK,40083,Logan,H1
OK,40085,Love,H1
OK,40087,McClain,H1
OK,40089,McCurtain,H1
OK,40091,McIntosh,H1
OK,40093,Major,H1
OK,40095,Marshall,H1
OK,40097,Mayes,H1
OK,40099,Murray,H1
OK,40101,Muskogee,H1
OK,40103,Noble,H1
OK,40105,Nowata,H1
OK,40107,Okfuskee,H1
OK,40109,Oklahoma,H1
OK,40111,Okmulgee,H1
OK,40113,Osage,H1
OK,40115,Ottawa,H1
OK,40117,Pawnee,H1
OK,40119,Payne,H1
OK,40121,Pittsburg,H1
OK,40123,Pontotoc,H1
OK,40125,Pottawatomie,H1
OK,40127,Pushmataha,H1
OK,40129,Roger Mills,H1
OK,40131,Rogers,H1
OK,40133,Seminole,H1
OK,40135,Sequoyah,H1
OK,40137,Stephens,H1
OK,40139,Texas,H1
OK,40141,Tillman,H1
OK,40143,Tulsa,H1
OK,40145,Wagoner,H1
OK,40147,Washington,H1
OK,40149,Washita,H1
OK,40151,Woods,H1
OK,40153,Woodward,H1
OR,41001,Baker,H1
OR,41003,Benton,H1
OR,41005,Clackamas,H1
OR,41007,Clatsop,H1
OR,41009,Columbia,H1
OR,41011,Coos,H1
OR,41013,Crook,H1
OR,41015,Curry,H1
OR,41017,Deschutes,H1
OR,41019,Douglas,H1
OR,41021,Gilliam,H1
OR,41023,Grant,H1
OR,41025,Harney,H1
OR,41027,Hood River,H1
OR,41029,Jackson,H1
OR,41031,Jefferson,H1
OR,41033,Josephine,H1
OR,41035,Klamath,H1
OR,41037,Lake,H1
OR,41039,Lane,H1
OR,41041,Lincoln,H1
OR,41043,Linn,H1
OR,41045,Malheur,H1
OR,41047,Marion,H1
OR,41049,Morrow,H1
OR,41051,Multnomah,H1
OR,41053,Polk,H1
OR,41055,Sherman,H1
OR,41057,Tillamook,H1
OR,41059,Umatilla,H1
OR,41061,Union,H1
OR,41063,Wallowa,H1
OR,41065,Wasco,H1
OR,41067,Washington,H1
OR,41069,Wheeler,H1
OR,41071,Yamhill,H1
PA,42001,Adams,H1
PA,42003,Allegheny,H1
PA,42005,Armstrong,H1
PA,42007,Beaver,H1
PA,42009,Bedford,H1
PA,42011,Berks,H1
PA,42013,Blair,H1
PA,42015,Bradford,H1
PA,42017,Bucks,H1
PA,42019,Butler,H1
PA,42021,Cambria,H1
PA,42023,Cameron,H1
PA,42025,Carbon,H1
PA,42027,Centre,H1
PA,42029,Chester,H1
PA,42031,Clarion,H1
PA,42033,Clearfield,H1
PA,42035,Clinton,H1
PA,42037,Columbia,H1
PA,42039,Crawford,H1
PA,42041,Cumberland,H1
PA,42043,Dauphin,H1
PA,42045,Delaware,H1
PA,42047,Elk,H1
PA,42049,Erie,H1
PA,42051,Fayette,H1
PA,42053,Forest,H1
PA,42055,Franklin,H1
PA,42057,Fulton,H1
PA,42059,Greene,H1
PA,42061,Huntingdon,H1
PA,42063,Indiana,H1
PA,42065,Jefferson,H1
PA,42067,Juniata,H1
PA,42069,Lackawanna,H1
PA,42071,Lancaster,H1
PA,42073,Lawrence,H1
PA,42075,Lebanon,H1
PA,42077,Lehigh,H1
PA,42079,Luzerne,H1
PA,42081,Lycoming,H1
PA,42083,McKean,H1
PA,42085,Mercer,H1
PA,42087,Mifflin,H1
PA,42089,Monroe,H1
PA,42091,Montgomery,H1
PA,42093,Montour,H1
PA,42095,Northampton,H1
PA,42097,Northumberland,H1
PA,42099,Perry,H1
PA,42101,Philadelphia,H6
PA,42103,Pike,H1
PA,42105,Potter,H1
PA,42107,Schuylkill,H1
PA,42109,Snyder,H1
PA,42111,Somerset,H1
PA,42113,Sullivan,H1
PA,42115,Susquehanna,H1
PA,42117,Tioga,H1
PA,42119,Union,H1
PA,42121,Venango,H1
PA,42123,Warren,H1
PA,42125,Washington,H1
PA,42127,Wayne,H1
PA,42129,Westmoreland,H1
PA,42131,Wyoming,H1
PA,42133,York,H1
RI,44001,Bristol,H4
RI,44003,Kent,H4
RI,44005,Newport,H4
RI,44007,Providence,H4
RI,44009,Washington,H4
SC,45001,Abbeville,H1
SC,45003,Aiken,H1
SC,45005,Allendale,H1
SC,45007,Anderson,H1
SC,45009,Bamberg,H1
SC,45011,Barnwell,H1
SC,45013,Beaufort,H1
SC,45015,Berkeley,H1
SC,45017,Calhoun,H1
SC,45019,Charleston,H1
SC,45021,Cherokee,H1
SC,45023,Chester,H1
SC,45025,Chesterfield,H1
SC,45027,Clarendon,H1
SC,45029,Colleton,H1
SC,45031,Darlington,H1
SC,45033,Dillon,H1
SC,45035,Dorchester,H1
SC,45037,Edgefield,H1
SC,45039,Fairfield,H1
SC,45041,Florence,H1
SC,45043,Georgetown,H1
SC,45045,Greenville,H1
SC,45047,Greenwood,H1
SC,45049,Hampton,H1
SC,45051,Horry,H1
SC,45053,Jasper,H1
SC,45055,Kershaw,H1
SC,45057,Lancaster,H1
SC,45059,Laurens,H1
SC,45061,Lee,H1
SC,45063,Lexington,H1
SC,45065,McCormick,H1
SC,45067,Marion,H1
SC,45069,Marlboro,H1
SC,45071,Newberry,H1
SC,45073,Oconee,H1
SC,45075,Orangeburg,H1
SC,45077,Pickens,H1
SC,45079,Richland,H1
SC,45081,Saluda,H1
SC,45083,Spartanburg,H1
SC,45085,Sumter,H1
SC,45087,Union,H1
SC,45089,Williamsburg,H1
SC,45091,York,H1
SD,46003,Aurora,H1
SD,46005,Beadle,H1
SD,46007,Bennett,H1
SD,46009,Bon Homme,H1
SD,46011,Brookings,H1
SD,46013,Brown,H1
SD,46015,Brule,H1
SD,46017,Buffalo,H1
SD,46019,Butte,H1
SD,46021,Campbell,H1
SD,46023,Charles Mix,H1
SD,46025,Clark,H1
SD,46027,Clay,H1
SD,46029,Codington,H1
SD,46031,Corson,H1
SD,46033,Custer,H1
SD,46035,Davison,H1
SD,46037,Day,H1
SD,46039,Deuel,H1
SD,46041,Dewey,H1
SD,46043,Douglas,H1
SD,46045,Edmunds,H1
SD,46047,Fall River,H1
SD,46049,Faulk,H1
SD,46051,Grant,H1
SD,46053,Gregory,H1
SD,46055,Haakon,H1
SD,46057,Hamlin,H1
SD,46059,Hand,H1
SD,46061,Hanson,H1
SD,46063,Harding,H1
SD,46065,Hughes,H1
SD,46067,Hutchinson,H1
SD,46069,Hyde,H1
SD,46071,Jackson,H1
SD,46073,Jerauld,H1
SD,46075,Jones,H1
SD,46077,Kingsbury,H1
SD,46079,Lake,H1
SD,46081,Lawrence,H1
SD,46083,Lincoln,H1
SD,46085,Lyman,H1
SD,46087,McCook,H1
SD,46089,McPherson,H1
SD,46091,Marshall,H1
SD,46093,Meade,H1
SD,46095,Mellette,H1
SD,46097,Miner,H1
SD,46099,Minnehaha,H1
SD,46101,Moody,H1
SD,46103,Pennington,H1
SD,46105,Perkins,H1
SD,46107,Potter,H1
SD,46109,Roberts,H1
SD,46111,Sanborn,H1
SD,46113,Shannon,H1
SD,46115,Spink,H1
SD,46117,Stanley,H1
SD,46119,Sully,H1
SD,46121,Todd,H1
SD,46123,Tripp,H1
SD,46125,Turner,H1
SD,46127,Union,H1
SD,46129,Walworth,H1
SD,46135,Yankton,H1
SD,46137,Ziebach,H1
TN,47001,Anderson,H1
TN,47003,Bedford,H1
TN,47005,Benton,H1
TN,47007,Bledsoe,H1
TN,47009,Blount,H1
TN,47011,Bradley,H1
TN,47013,Campbell,H1
TN,47015,Cannon,H1
TN,47017,Carroll,H1
TN,47019,Carter,H1
TN,47021,Cheatham,H1
TN,47023,Chester,H1
TN,47025,Claiborne,H1
TN,47027,Clay,H1
TN,47029,Cocke,H1
TN,47031,Coffee,H1
TN,47033,Crockett,H1
TN,47035,Cumberland,H1
TN,47037,Davidson,H6
TN,47039,Decatur,H1
TN,47041,DeKalb,H1
TN,47043,Dickson,H1
TN,47045,Dyer,H1
TN,47047,Fayette,H1
TN,47049,Fentress,H1
TN,47051,Franklin,H1
TN,47053,Gibson,H1
TN,47055,Giles,H1
TN,47057,Grainger,H1
TN,47059,Greene,H1
TN,47061,Grundy,H1
TN,47063,Hamblen,H1
TN,47065,Hamilton,H1
TN,47067,Hancock,H1
TN,47069,Hardeman,H1
TN,47071,Hardin,H1
TN,47073,Hawkins,H1
TN,47075,Haywood,H1
TN,47077,Henderson,H1
TN,47079,Henry,H1
TN,47081,Hickman,H1
TN,47083,Houston,H1
TN,47085,Humphreys,H1
TN,47087,Jackson,H1
TN,47089,Jefferson,H1
TN,47091,Johnson,H1
TN,47093,Knox,H1
TN,47095,Lake,H1
TN,47097,Lauderdale,H1
TN,47099,Lawrence,H1
TN,47101,Lewis,H1
TN,47103,Lincoln,H1
TN,47105,Loudon,H1
TN,47107,McMinn,H1
TN,47109,McNairy,H1
TN,47111,Macon,H1
TN,47113,Madison,H1
TN,47115,Marion,H1
TN,47117,Marshall,H1
TN,47119,Maury,H1
TN,47121,Meigs,H1
TN,47123,Monroe,H1
TN,47125,Montgomery,H1
TN,47127,Moore,H6
TN,47129,Morgan,H1
TN,47131,Obion,H1
TN,47133,Overton,H1
TN,47135,Perry,H1
TN,47137,Pickett,H1
TN,47139,Polk,H1
TN,47141,Putnam,H1
TN,47143,Rhea,H1
TN,47145,Roane,H1
TN,47147,Robertson,H1
TN,47149,Rutherford,H1
TN,47151,Scott,H1
TN,47153,Sequatchie,H1
TN,47155,Sevier,H1
TN,47157,Shelby,H1
TN,47159,Smith,H1
TN,47161,Stewart,H1
TN,47163,Sullivan,H1
TN,47165,Sumner,H1
TN,47167,Tipton,H1
TN,47169,Trousdale,H6
TN,47171,Unicoi,H1
TN,47173,Union,H1
TN,47175,Van Buren,H1
TN,47177,Warren,H1
TN,47179,Washington,H1
TN,47181,Wayne,H1
TN,47183,Weakley,H1
TN,47185,White,H1
TN,47187,Williamson,H1
TN,47189,Wilson,H1
TX,48001,Anderson,H1
TX,48003,Andrews,H1
TX,48005,Angelina,H1
TX,48007,Aransas,H1
TX,48009,Archer,H1
TX,48011,Armstrong,H1
TX,48013,Atascosa,H1
TX,48015,Austin,H1
TX,48017,Bailey,H1
TX,48019,Bandera,H1
TX,48021,Bastrop,H1
TX,48023,Baylor,H1
TX,48025,Bee,H1
TX,48027,Bell,H1
TX,48029,Bexar,H1
TX,48031,Blanco,H1
TX,48033,Borden,H1
TX,48035,Bosque,H1
TX,48037,Bowie,H1
TX,48039,Brazoria,H1
TX,48041,Brazos,H1
TX,48043,Brewster,H1
TX,48045,Briscoe,H1
TX,48047,Brooks,H1
TX,48049,Brown,H1
TX,48051,Burleson,H1
TX,48053,Burnet,H1
TX,48055,Caldwell,H1
TX,48057,Calhoun,H1
TX,48059,Callahan,H1
TX,48061,Cameron,H1
TX,48063,Camp,H1
TX,48065,Carson,H1
TX,48067,Cass,H1
TX,48069,Castro,H1
TX,48071,Chambers,H1
TX,48073,Cherokee,H1
TX,48075,Childress,H1
TX,48077,Clay,H1
TX,48079,Cochran,H1
TX,48081,Coke,H1
TX,48083,Coleman,H1
TX,48085,Collin,H1
TX,48087,Collingsworth,H1
TX,48089,Colorado,H1
TX,48091,Comal,H1
TX,48093,Comanche,H1
TX,48095,Concho,H1
TX,48097,Cooke,H1
TX,48099,Coryell,H1
TX,48101,Cottle,H1
TX,48103,Crane,H1
TX,48105,Crockett,H1
TX,48107,Crosby,H1
TX,48109,Culberson,H1
TX,48111,Dallam,H1
TX,48113,Dallas,H1
TX,48115,Dawson,H1
TX,48117,Deaf Smith,H1
TX,48119,Delta,H1
TX,48121,Denton,H1
TX,48123,DeWitt,H1
TX,48125,Dickens,H1
TX,48127,Dimmit,H1
TX,48129,Donley,H1
TX,48131,Duval,H1
TX,48133,Eastland,H1
TX,48135,Ector,H1
TX,48137,Edwards,H1
TX,48139,Ellis,H1
TX,48141,El Paso,H1
TX,48143,Erath,H1
TX,48145,Falls,H1
TX,48147,Fannin,H1
TX,48149,Fayette,H1
TX,48151,Fisher,H1
TX,48153,Floyd,H1
TX,48155,Foard,H1
TX,48157,Fort Bend,H1
TX,48159,Franklin,H1
TX,48161,Freestone,H1
TX,48163,Frio,H1
TX,48165,Gaines,H1
TX,48167,Galveston,H1
TX,48169,Garza,H1
TX,48171,Gillespie,H1
TX,48173,Glasscock,H1
TX,48175,Goliad,H1
TX,48177,Gonzales,H1
TX,48179,Gray,H1
TX,48181,Grayson,H1
TX,48183,Gregg,H1
TX,48185,Grimes,H1
TX,48187,Guadalupe,H1
TX,48189,Hale,H1
TX,48191,Hall,H1
TX,48193,Hamilton,H1
TX,48195,Hansford,H1
TX,48197,Hardeman,H1
TX,48199,Hardin,H1
TX,48201,Harris,H1
TX,48203,Harrison,H1
TX,48205,Hartley,H1
TX,48207,Haskell,H1
TX,48209,Hays,H1
TX,48211,Hemphill,H1
TX,48213,Henderson,H1
TX,48215,Hidalgo,H1
TX,48217,Hill,H1
TX,48219,Hockley,H1
TX,48221,Hood,H1
TX,48223,Hopkins,H1
TX,48225,Houston,H1
TX,48227,Howard,H1
TX,48229,Hudspeth,H1
TX,48231,Hunt,H1
TX,48233,Hutchinson,H1
TX,48235,Irion,H1
TX,48237,Jack,H1
TX,48239,Jackson,H1
TX,48241,Jasper,H1
TX,48243,Jeff Davis,H1
TX,48245,Jefferson,H1
TX,48247,Jim Hogg,H1
TX,48249,Jim Wells,H1
TX,48251,Johnson,H1
TX,48253,Jones,H1
TX,48255,Karnes,H1
TX,48257,Kaufman,H1
TX,48259,Kendall,H1
TX,48261,Kenedy,H1
TX,48263,Kent,H1
TX,48265,Kerr,H1
TX,48267,Kimble,H1
TX,48269,King,H1
TX,48271,Kinney,H1
TX,48273,Kleberg,H1
TX,48275,Knox,H1
TX,48277,Lamar,H1
TX,48279,Lamb,H1
TX,48281,Lampasas,H1
TX,48283,La Salle,H1
TX,48285,Lavaca,H1
TX,48287,Lee,H1
TX,48289,Leon,H1
TX,48291,Liberty,H1
TX,48293,Limestone,H1
TX,48295,Lipscomb,H1
TX,48297,Live Oak,H1
TX,48299,Llano,H1
TX,48301,Loving,H1
TX,48303,Lubbock,H1
TX,48305,Lynn,H1
TX,48307,McCulloch,H1
TX,48309,McLennan,H1
TX,48311,McMullen,H1
TX,48313,Madison,H1
TX,48315,Marion,H1
TX,48317,Martin,H1
TX,48319,Mason,H1
TX,48321,Matagorda,H1
TX,48323,Maverick,H1
TX,48325,Medina,H1
TX,48327,Menard,H1
TX,48329,Midland,H1
TX,48331,Milam,H1
TX,48333,Mills,H1
TX,48335,Mitchell,H1
TX,48337,Montague,H1
TX,48339,Montgomery,H1
TX,48341,Moore,H1
TX,48343,Morris,H1
TX,48345,Motley,H1
TX,48347,Nacogdoches,H1
TX,48349,Navarro,H1
TX,48351,Newton,H1
TX,48353,Nolan,H1
TX,48355,Nueces,H1
TX,48357,Ochiltree,H1
TX,48359,Oldham,H1
TX,48361,Orange,H1
TX,48363,Palo Pinto,H1
TX,48365,Panola,H1
TX,48367,Parker,H1
TX,48369,Parmer,H1
TX,48371,Pecos,H1
TX,48373,Polk,H1
TX,48375,Potter,H1
TX,48377,Presidio,H1
TX,48379,Rains,H1
TX,48381,Randall,H1
TX,48383,Reagan,H1
TX,48385,Real,H1
TX,48387,Red River,H1
TX,48389,Reeves,H1
TX,48391,Refugio,H1
TX,48393,Roberts,H1
TX,48395,Robertson,H1
TX,48397,Rockwall,H1
TX,48399,Runnels,H1
TX,48401,Rusk,H1
TX,48403,Sabine,H1
TX,48405,San Augustine,H1
TX,48407,San Jacinto,H1
TX,48409,San Patricio,H1
TX,48411,San Saba,H1
TX,48413,Schleicher,H1
TX,48415,Scurry,H1
TX,48417,Shackelford,H1
TX,48419,Shelby,H1
TX,48421,Sherman,H1
TX,48423,Smith,H1
TX,48425,Somervell,H1
TX,48427,Starr,H1
TX,48429,Stephens,H1
TX,48431,Sterling,H1
TX,48433,Stonewall,H1
TX,48435,Sutton,H1
TX,48437,Swisher,H1
TX,48439,Tarrant,H1
TX,48441,Taylor,H1
TX,48443,Terrell,H1
TX,48445,Terry,H1
TX,48447,Throckmorton,H1
TX,48449,Titus,H1
TX,48451,Tom Green,H1
TX,48453,Travis,H1
TX,48455,Trinity,H1
TX,48457,Tyler,H1
TX,48459,Upshur,H1
TX,48461,Upton,H1
TX,48463,Uvalde,H1
TX,48465,Val Verde,H1
TX,48467,Van Zandt,H1
TX,48469,Victoria,H1
TX,48471,Walker,H1
TX,48473,Waller,H1
TX,48475,Ward,H1
TX,48477,Washington,H1
TX,48479,Webb,H1
TX,48481,Wharton,H1
TX,48483,Wheeler,H1
TX,48485,Wichita,H1
TX,48487,Wilbarger,H1
TX,48489,Willacy,H1
TX,48491,Williamson,H1
TX,48493,Wilson,H1
TX,48495,Winkler,H1
TX,48497,Wise,H1
TX,48499,Wood,H1
TX,48501,Yoakum,H1
TX,48503,Young,H1
TX,48505,Zapata,H1
TX,48507,Zavala,H1
UT,49001,Beaver,H1
UT,49003,Box Elder,H1
UT,49005,Cache,H1
UT,49007,Carbon,H1
UT,49009,Daggett,H1
UT,49011,Davis,H1
UT,49013,Duchesne,H1
UT,49015,Emery,H1
UT,49017,Garfield,H1
UT,49019,Grand,H1
UT,49021,Iron,H1
UT,49023,Juab,H1
UT,49025,Kane,H1
UT,49027,Millard,H1
UT,49029,Morgan,H1
UT,49031,Piute,H1
UT,49033,Rich,H1
UT,49035,Salt Lake,H1
UT,49037,San Juan,H1
UT,49039,Sanpete,H1
UT,49041,Sevier,H1
UT,49043,Summit,H1
UT,49045,Tooele,H1
UT,49047,Uintah,H1
UT,49049,Utah,H1
UT,49051,Wasatch,H1
UT,49053,Washington,H1
UT,49055,Wayne,H1
UT,49057,Weber,H1
VT,50001,Addison,H1
VT,50003,Bennington,H1
VT,50005,Caledonia,H1
VT,50007,Chittenden,H1
VT,50009,Essex,H1
VT,50011,Franklin,H1
VT,50013,Grand Isle,H1
VT,50015,Lamoille,H1
VT,50017,Orange,H1
VT,50019,Orleans,H1
VT,50021,Rutland,H1
VT,50023,Washington,H1
VT,50025,Windham,H1
VT,50027,Windsor,H1
VA,51001,Accomack,H1
VA,51003,Albemarle,H1
VA,51005,Alleghany,H1
VA,51007,Amelia,H1
VA,51009,Amherst,H1
VA,51011,Appomattox,H1
VA,51013,Arlington,H1
VA,51015,Augusta,H1
VA,51017,Bath,H1
VA,51019,Bedford,H1
VA,51021,Bland,H1
VA,51023,Botetourt,H1
VA,51025,Brunswick,H1
VA,51027,Buchanan,H1
VA,51029,Buckingham,H1
VA,51031,Campbell,H1
VA,51033,Caroline,H1
VA,51035,Carroll,H1
VA,51036,Charles City,H1
VA,51037,Charlotte,H1
VA,51041,Chesterfield,H1
VA,51043,Clarke,H1
VA,51045,Craig,H1
VA,51047,Culpeper,H1
VA,51049,Cumberland,H1
VA,51051,Dickenson,H1
VA,51053,Dinwiddie,H1
VA,51057,Essex,H1
VA,51059,Fairfax,H1
VA,51061,Fauquier,H1
VA,51063,Floyd,H1
VA,51065,Fluvanna,H1
VA,51067,Franklin,H1
VA,51069,Frederick,H1
VA,51071,Giles,H1
VA,51073,Gloucester,H1
VA,51075,Goochland,H1
VA,51077,Grayson,H1
VA,51079,Greene,H1
VA,51081,Greensville,H1
VA,51083,Halifax,H1
VA,51085,Hanover,H1
VA,51087,Henrico,H1
VA,51089,Henry,H1
VA,51091,Highland,H1
VA,51093,Isle of Wight,H1
VA,51095,James City,H1
VA,51097,King and Queen,H1
VA,51099,King George,H1
VA,51101,King William,H1
VA,51103,Lancaster,H1
VA,51105,Lee,H1
VA,51107,Loudoun,H1
VA,51109,Louisa,H1
VA,51111,Lunenburg,H1
VA,51113,Madison,H1
VA,51115,Mathews,H1
VA,51117,Mecklenburg,H1
VA,51119,Middlesex,H1
VA,51121,Montgomery,H1
VA,51125,Nelson,H1
VA,51127,New Kent,H1
VA,51131,Northampton,H1
VA,51133,Northumberland,H1
VA,51135,Nottoway,H1
VA,51137,Orange,H1
VA,51139,Page,H1
VA,51141,Patrick,H1
VA,51143,Pittsylvania,H1
VA,51145,Powhatan,H1
VA,51147,Prince Edward,H1
VA,51149,Prince George,H1
VA,51153,Prince William,H1
VA,51155,Pulaski,H1
VA,51157,Rappahannock,H1
VA,51159,Richmond,H1
VA,51161,Roanoke,H1
VA,51163,Rockbridge,H1
VA,51165,Rockingham,H1
VA,51167,Russell,H1
VA,51169,Scott,H1
VA,51171,Shenandoah,H1
VA,51173,Smyth,H1
VA,51175,Southampton,H1
VA,51177,Spotsylvania,H1
VA,51179,Stafford,H1
VA,51181,Surry,H1
VA,51183,Sussex,H1
VA,51185,Tazewell,H1
VA,51187,Warren,H1
VA,51191,Washington,H1
VA,51193,Westmoreland,H1
VA,51195,Wise,H1
VA,51197,Wythe,H1
VA,51199,York,H1
VA,51510,Alexandria city,C7
VA,51515,Bedford city,C7
VA,51520,Bristol city,C7
VA,51530,Buena Vista city,C7
VA,51540,Charlottesville city,C7
VA,51550,Chesapeake city,C7
VA,51570,Colonial Heights city,C7
VA,51580,Covington city,C7
VA,51590,Danville city,C7
VA,51595,Emporia city,C7
VA,51600,Fairfax city,C7
VA,51610,Falls Church city,C7
VA,51620,Franklin city,C7
VA,51630,Fredericksburg city,C7
VA,51640,Galax city,C7
VA,51650,Hampton city,C7
VA,51660,Harrisonburg city,C7
VA,51670,Hopewell city,C7
VA,51678,Lexington city,C7
VA,51680,Lynchburg city,C7
VA,51683,Manassas city,C7
VA,51685,Manassas Park city,C7
VA,51690,Martinsville city,C7
VA,51700,Newport News city,C7
VA,51710,Norfolk city,C7
VA,51720,Norton city,C7
VA,51730,Petersburg city,C7
VA,51735,Poquoson city,C7
VA,51740,Portsmouth city,C7
VA,51750,Radford city,C7
VA,51760,Richmond city,C7
VA,51770,Roanoke city,C7
VA,51775,Salem city,C7
VA,51790,Staunton city,C7
VA,51800,Suffolk city,C7
VA,51810,Virginia Beach city,C7
VA,51820,Waynesboro city,C7
VA,51830,Williamsburg city,C7
VA,51840,Winchester city,C7
WA,53001,Adams,H1
WA,53003,Asotin,H1
WA,53005,Benton,H1
WA,53007,Chelan,H1
WA,53009,Clallam,H1
WA,53011,Clark,H1
WA,53013,Columbia,H1
WA,53015,Cowlitz,H1
WA,53017,Douglas,H1
WA,53019,Ferry,H1
WA,53021,Franklin,H1
WA,53023,Garfield,H1
WA,53025,Grant,H1
WA,53027,Grays Harbor,H1
WA,53029,Island,H1
WA,53031,Jefferson,H1
WA,53033,King,H1
WA,53035,Kitsap,H1
WA,53037,Kittitas,H1
WA,53039,Klickitat,H1
WA,53041,Lewis,H1
WA,53043,Lincoln,H1
WA,53045,Mason,H1
WA,53047,Okanogan,H1
WA,53049,Pacific,H1
WA,53051,Pend Oreille,H1
WA,53053,Pierce,H1
WA,53055,San Juan,H1
WA,53057,Skagit,H1
WA,53059,Skamania,H1
WA,53061,Snohomish,H1
WA,53063,Spokane,H1
WA,53065,Stevens,H1
WA,53067,Thurston,H1
WA,53069,Wahkiakum,H1
WA,53071,Walla Walla,H1
WA,53073,Whatcom,H1
WA,53075,Whitman,H1
WA,53077,Yakima,H1
WV,54001,Barbour,H1
WV,54003,Berkeley,H1
WV,54005,Boone,H1
WV,54007,Braxton,H1
WV,54009,Brooke,H1
WV,54011,Cabell,H1
WV,54013,Calhoun,H1
WV,54015,Clay,H1
WV,54017,Doddridge,H1
WV,54019,Fayette,H1
WV,54021,Gilmer,H1
WV,54023,Grant,H1
WV,54025,Greenbrier,H1
WV,54027,Hampshire,H1
WV,54029,Hancock,H1
WV,54031,Hardy,H1
WV,54033,Harrison,H1
WV,54035,Jackson,H1
WV,54037,Jefferson,H1
WV,54039,Kanawha,H1
WV,54041,Lewis,H1
WV,54043,Lincoln,H1
WV,54045,Logan,H1
WV,54047,McDowell,H1
WV,54049,Marion,H1
WV,54051,Marshall,H1
WV,54053,Mason,H1
WV,54055,Mercer,H1
WV,54057,Mineral,H1
WV,54059,Mingo,H1
WV,54061,Monongalia,H1
WV,54063,Monroe,H1
WV,54065,Morgan,H1
WV,54067,Nicholas,H1
WV,54069,Ohio,H1
WV,54071,Pendleton,H1
WV,54073,Pleasants,H1
WV,54075,Pocahontas,H1
WV,54077,Preston,H1
WV,54079,Putnam,H1
WV,54081,Raleigh,H1
WV,54083,Randolph,H1
WV,54085,Ritchie,H1
WV,54087,Roane,H1
WV,54089,Summers,H1
WV,54091,Taylor,H1
WV,54093,Tucker,H1
WV,54095,Tyler,H1
WV,54097,Upshur,H1
WV,54099,Wayne,H1
WV,54101,Webster,H1
WV,54103,Wetzel,H1
WV,54105,Wirt,H1
WV,54107,Wood,H1
WV,54109,Wyoming,H1
WI,55001,Adams,H1
WI,55003,Ashland,H1
WI,55005,Barron,H1
WI,55007,Bayfield,H1
WI,55009,Brown,H1
WI,55011,Buffalo,H1
WI,55013,Burnett,H1
WI,55015,Calumet,H1
WI,55017,Chippewa,H1
WI,55019,Clark,H1
WI,55021,Columbia,H1
WI,55023,Crawford,H1
WI,55025,Dane,H1
WI,55027,Dodge,H1
WI,55029,Door,H1
WI,55031,Douglas,H1
WI,55033,Dunn,H1
WI,55035,Eau Claire,H1
WI,55037,Florence,H1
WI,55039,Fond du Lac,H1
WI,55041,Forest,H1
WI,55043,Grant,H1
WI,55045,Green,H1
WI,55047,Green Lake,H1
WI,55049,Iowa,H1
WI,55051,Iron,H1
WI,55053,Jackson,H1
WI,55055,Jefferson,H1
WI,55057,Juneau,H1
WI,55059,Kenosha,H1
WI,55061,Kewaunee,H1
WI,55063,La Crosse,H1
WI,55065,Lafayette,H1
WI,55067,Langlade,H1
WI,55069,Lincoln,H1
WI,55071,Manitowoc,H1
WI,55073,Marathon,H1
WI,55075,Marinette,H1
WI,55077,Marquette,H1
WI,55078,Menominee,H1
WI,55079,Milwaukee,H1
WI,55081,Monroe,H1
WI,55083,Oconto,H1
WI,55085,Oneida,H1
WI,55087,Outagamie,H1
WI,55089,Ozaukee,H1
WI,55091,Pepin,H1
WI,55093,Pierce,H1
WI,55095,Polk,H1
WI,55097,Portage,H1
WI,55099,Price,H1
WI,55101,Racine,H1
WI,55103,Richland,H1
WI,55105,Rock,H1
WI,55107,Rusk,H1
WI,55109,St. Croix,H1
WI,55111,Sauk,H1
WI,55113,Sawyer,H1
WI,55115,Shawano,H1
WI,55117,Sheboygan,H1
WI,55119,Taylor,H1
WI,55121,Trempealeau,H1
WI,55123,Vernon,H1
WI,55125,Vilas,H1
WI,55127,Walworth,H1
WI,55129,Washburn,H1
WI,55131,Washington,H1
WI,55133,Waukesha,H1
WI,55135,Waupaca,H1
WI,55137,Waushara,H1
WI,55139,Winnebago,H1
WI,55141,Wood,H1
WY,56001,Albany,H1
WY,56003,Big Horn,H1
WY,56005,Campbell,H1
WY,56007,Carbon,H1
WY,56009,Converse,H1
WY,56011,Crook,H1
WY,56013,Fremont,H1
WY,56015,Goshen,H1
WY,56017,Hot Springs,H1
WY,56019,Johnson,H1
WY,56021,Laramie,H1
WY,56023,Lincoln,H1
WY,56025,Natrona,H1
WY,56027,Niobrara,H1
WY,56029,Park,H1
WY,56031,Platte,H1
WY,56033,Sheridan,H1
WY,56035,Sublette,H1
WY,56037,Sweetwater,H1
WY,56039,Teton,H1
WY,56041,Uinta,H1
WY,56043,Washakie,H1
WY,56045,Weston,H1
AS,60010,Eastern District,H1
AS,60020,Manu'a District,H1
AS,60030,Rose Island,H4
AS,60040,Swains Island,H4
AS,60050,Western District,H1
GU,66010,Guam,H4
MP,69085,Northern Islands Municipality,H1
MP,69100,Rota Municipality,H1
MP,69110,Saipan Municipality,H1
MP,69120,Tinian Municipality,H1
PR,72001,Adjuntas Municipio,H1
PR,72003,Aguada Municipio,H1
PR,72005,Aguadilla Municipio,H1
PR,72007,Aguas Buenas Municipio,H1
PR,72009,Aibonito Municipio,H1
PR,72011,Anasco Municipio,H1
PR,72013,Arecibo Municipio,H1
PR,72015,Arroyo Municipio,H1
PR,72017,Barceloneta Municipio,H1
PR,72019,Barranquitas Municipio,H1
PR,72021,Bayamon Municipio,H1
PR,72023,Cabo Rojo Municipio,H1
PR,72025,Caguas Municipio,H1
PR,72027,Camuy Municipio,H1
PR,72029,Canovanas Municipio,H1
PR,72031,Carolina Municipio,H1
PR,72033,Catano Municipio,H1
PR,72035,Cayey Municipio,H1
PR,72037,Ceiba Municipio,H1
PR,72039,Ciales Municipio,H1
PR,72041,Cidra Municipio,H1
PR,72043,Coamo Municipio,H1
PR,72045,Comerio Municipio,H1
PR,72047,Corozal Municipio,H1
PR,72049,Culebra Municipio,H1
PR,72051,Dorado Municipio,H1
PR,72053,Fajardo Municipio,H1
PR,72054,Florida Municipio,H1
PR,72055,Guanica Municipio,H1
PR,72057,Guayama Municipio,H1
PR,72059,Guayanilla Municipio,H1
PR,72061,Guaynabo Municipio,H1
PR,72063,Gurabo Municipio,H1
PR,72065,Hatillo Municipio,H1
PR,72067,Hormigueros Municipio,H1
PR,72069,Humacao Municipio,H1
PR,72071,Isabela Municipio,H1
PR,72073,Jayuya Municipio,H1
PR,72075,Juana Diaz Municipio,H1
PR,72077,Juncos Municipio,H1
PR,72079,Lajas Municipio,H1
PR,72081,Lares Municipio,H1
PR,72083,Las Marias Municipio,H1
PR,72085,Las Piedras Municipio,H1
PR,72087,Loiza Municipio,H1
PR,72089,Luquillo Municipio,H1
PR,72091,Manati Municipio,H1
PR,72093,Maricao Municipio,H1
PR,72095,Maunabo Municipio,H1
PR,72097,Mayaguez Municipio,H1
PR,72099,Moca Municipio,H1
PR,72101,Morovis Municipio,H1
PR,72103,Naguabo Municipio,H1
PR,72105,Naranjito Municipio,H1
PR,72107,Orocovis Municipio,H1
PR,72109,Patillas Municipio,H1
PR,72111,Penuelas Municipio,H1
PR,72113,Ponce Municipio,H1
PR,72115,Quebradillas Municipio,H1
PR,72117,Rincon Municipio,H1
PR,72119,Rio Grande Municipio,H1
PR,72121,Sabana Grande Municipio,H1
PR,72123,Salinas Municipio,H1
PR,72125,San German Municipio,H1
PR,72127,San Juan Municipio,H1
PR,72129,San Lorenzo Municipio,H1
PR,72131,San Sebastian Municipio,H1
PR,72133,Santa Isabel Municipio,H1
PR,72135,Toa Alta Municipio,H1
PR,72137,Toa Baja Municipio,H1
PR,72139,Trujillo Alto Municipio,H1
PR,72141,Utuado Municipio,H1
PR,72143,Vega Alta Municipio,H1
PR,72145,Vega Baja Municipio,H1
PR,72147,Vieques Municipio,H1
PR,72149,Villalba Municipio,H1
PR,72151,Yabucoa Municipio,H1
PR,72153,Yauco Municipio,H1
UM,74300,Midway Islands,H4
VI,78010,St. Croix Island,H4
VI,78020,St. John Island,H4
VI,78030,St. Thomas Island,H4